anomaly_label,anomaly_region_mean,background_region_mean,class,image_path,image_score,map_mean,map_p95,map_top1pct_mean,map_top5pct_mean,pixel_auc_within_image,region_gap,variant
1,0.19435393810272217,0.027134886011481285,toothbrush,/Users/bytedance/Downloads/mvtec_anomaly_detection/toothbrush/test/defective/000.png,0.9688717722892761,0.030939504504203796,0.14348658472299575,0.37274694442749023,0.24205483496189117,0.9519918775872769,0.16721905209124088,cosine
1,0.4920656979084015,0.4812585413455963,toothbrush,/Users/bytedance/Downloads/mvtec_anomaly_detection/toothbrush/test/defective/000.png,0.5050257444381714,0.4815043807029724,0.4911266937851906,0.495275616645813,0.49301454424858093,0.9486731990898355,0.010807156562805176,cone_contrastive
1,0.33977511525154114,0.016190003603696823,toothbrush,/Users/bytedance/Downloads/mvtec_anomaly_detection/toothbrush/test/defective/001.png,0.9665437340736389,0.017727583646774292,0.07384124398231479,0.43928322196006775,0.2089138776063919,0.9723243990105657,0.3235851116478443,cosine
1,0.49367743730545044,0.4795994460582733,toothbrush,/Users/bytedance/Downloads/mvtec_anomaly_detection/toothbrush/test/defective/001.png,0.5049272179603577,0.4796663224697113,0.4875315874814987,0.4951755702495575,0.49047088623046875,0.9754268244375215,0.014077991247177124,cone_contrastive
1,0.2880001366138458,0.034429438412189484,toothbrush,/Users/bytedance/Downloads/mvtec_anomaly_detection/toothbrush/test/defective/002.png,0.9905677437782288,0.036945074796676636,0.18550077006220766,0.5999485850334167,0.33481359481811523,0.9435954793927294,0.25357069820165634,cosine
1,0.4936063885688782,0.48075830936431885,toothbrush,/Users/bytedance/Downloads/mvtec_anomaly_detection/toothbrush/test/defective/002.png,0.508277416229248,0.48088574409484863,0.49163210690021514,0.4993627667427063,0.4944612681865692,0.9369377239663278,0.012848079204559326,cone_contrastive
1,0.2369655966758728,0.018329206854104996,toothbrush,/Users/bytedance/Downloads/mvtec_anomaly_detection/toothbrush/test/defective/003.png,0.9731718301773071,0.019676921889185905,0.08196636103093613,0.3126941919326782,0.16977378726005554,0.9838414950586999,0.2186363898217678,cosine
1,0.4922976791858673,0.4802248775959015,toothbrush,/Users/bytedance/Downloads/mvtec_anomaly_detection/toothbrush/test/defective/003.png,0.5054716467857361,0.4802992641925812,0.48938064873218534,0.4938651919364929,0.49119895696640015,0.9745639727266409,0.01207280158996582,cone_contrastive
1,0.47882458567619324,0.01681802049279213,toothbrush,/Users/bytedance/Downloads/mvtec_anomaly_detection/toothbrush/test/defective/004.png,0.9754174947738647,0.017983699217438698,0.07519834153354152,0.4877818524837494,0.216147318482399,0.9893780978814006,0.4620065651834011,cosine
1,0.4959983229637146,0.4793739914894104,toothbrush,/Users/bytedance/Downloads/mvtec_anomaly_detection/toothbrush/test/defective/004.png,0.5056505799293518,0.4794158935546875,0.4874361053109169,0.49631181359291077,0.49060267210006714,0.9812804067157418,0.0166243314743042,cone_contrastive
1,0.10240772366523743,0.020116562023758888,toothbrush,/Users/bytedance/Downloads/mvtec_anomaly_detection/toothbrush/test/defective/005.png,0.9581323862075806,0.0241142138838768,0.11377049870789042,0.3523975908756256,0.19982662796974182,0.9428443056247108,0.08229116164147854,cosine
1,0.49006202816963196,0.480233371257782,toothbrush,/Users/bytedance/Downloads/mvtec_anomaly_detection/toothbrush/test/defective/005.png,0.5044361352920532,0.4807107448577881,0.4902132749557495,0.4937070310115814,0.49173596501350403,0.9535744278133135,0.009828656911849976,cone_contrastive
1,0.05819768086075783,0.019651204347610474,toothbrush,/Users/bytedance/Downloads/mvtec_anomaly_detection/toothbrush/test/defective/006.png,0.9542136788368225,0.02016606554389,0.09989201761782164,0.34166091680526733,0.19778616726398468,0.8982966567939973,0.038546476513147354,cosine
1,0.48765188455581665,0.47982287406921387,toothbrush,/Users/bytedance/Downloads/mvtec_anomaly_detection/toothbrush/test/defective/006.png,0.5040967464447021,0.4799274504184723,0.48895826041698454,0.4931424856185913,0.4906727969646454,0.9015999340702535,0.007829010486602783,cone_contrastive
1,0.543384850025177,0.014844855293631554,toothbrush,/Users/bytedance/Downloads/mvtec_anomaly_detection/toothbrush/test/defective/007.png,0.9716594219207764,0.016135063022375107,0.05105924494564533,0.42227354645729065,0.15864215791225433,0.9980120029183817,0.5285399947315454,cosine
1,0.49743974208831787,0.4801505506038666,toothbrush,/Users/bytedance/Downloads/mvtec_anomaly_detection/toothbrush/test/defective/007.png,0.5053959488868713,0.48019272089004517,0.4873198211193085,0.49476101994514465,0.48978009819984436,0.9982742585771381,0.017289191484451294,cone_contrastive
1,0.07266517728567123,0.021713681519031525,toothbrush,/Users/bytedance/Downloads/mvtec_anomaly_detection/toothbrush/test/defective/008.png,0.966179609298706,0.024332424625754356,0.09460981264710419,0.2791663408279419,0.16001257300376892,0.9159918419688431,0.05095149576663971,cosine
1,0.4892263114452362,0.48088642954826355,toothbrush,/Users/bytedance/Downloads/mvtec_anomaly_detection/toothbrush/test/defective/008.png,0.5050675272941589,0.48131510615348816,0.490119993686676,0.4934457838535309,0.4914036989212036,0.9172686526959233,0.008339881896972656,cone_contrastive
1,0.6156322360038757,0.02104095183312893,toothbrush,/Users/bytedance/Downloads/mvtec_anomaly_detection/toothbrush/test/defective/009.png,0.9733811020851135,0.023438600823283195,0.10700318105518813,0.6160770058631897,0.2834404706954956,0.9950267164581325,0.5945912841707468,cosine
1,0.4995455741882324,0.47969555854797363,toothbrush,/Users/bytedance/Downloads/mvtec_anomaly_detection/toothbrush/test/defective/009.png,0.5054418444633484,0.4797755777835846,0.4885775148868561,0.49969372153282166,0.49244821071624756,0.9946926941583792,0.01985001564025879,cone_contrastive
1,0.03729752078652382,0.01823733001947403,toothbrush,/Users/bytedance/Downloads/mvtec_anomaly_detection/toothbrush/test/defective/010.png,0.9770637154579163,0.019320247694849968,0.07406600378453715,0.14164838194847107,0.1011912152171135,0.8068035842942706,0.01906019076704979,cosine
1,0.48739349842071533,0.4810202419757843,toothbrush,/Users/bytedance/Downloads/mvtec_anomaly_detection/toothbrush/test/defective/010.png,0.5062054991722107,0.4813823401927948,0.4896366849541664,0.49206656217575073,0.490731418132782,0.8366426537144391,0.00637325644493103,cone_contrastive
1,0.4830380976200104,0.015162620693445206,toothbrush,/Users/bytedance/Downloads/mvtec_anomaly_detection/toothbrush/test/defective/011.png,0.9842990636825562,0.01701268181204796,0.05801584683358645,0.43980756402015686,0.19476482272148132,0.9976493412506378,0.46787547692656517,cosine
1,0.4961141049861908,0.4798477292060852,toothbrush,/Users/bytedance/Downloads/mvtec_anomaly_detection/toothbrush/test/defective/011.png,0.5067400932312012,0.4799121022224426,0.4876310184597969,0.49561774730682373,0.4906262159347534,0.9964170992081728,0.01626637578010559,cone_contrastive
1,0.2352340966463089,0.020788824185729027,toothbrush,/Users/bytedance/Downloads/mvtec_anomaly_detection/toothbrush/test/defective/012.png,0.9882644414901733,0.024541880935430527,0.10363059565424912,0.4598024785518646,0.23797020316123962,0.9774871388873573,0.21444527246057987,cosine
1,0.4932304620742798,0.480604887008667,toothbrush,/Users/bytedance/Downloads/mvtec_anomaly_detection/toothbrush/test/defective/012.png,0.507392406463623,0.48082590103149414,0.4901793673634529,0.49755609035491943,0.49316123127937317,0.977830737837729,0.012625575065612793,cone_contrastive
1,0.41044381260871887,0.013135512359440327,toothbrush,/Users/bytedance/Downloads/mvtec_anomaly_detection/toothbrush/test/defective/013.png,0.9833707809448242,0.015248475596308708,0.0445049766451119,0.4131639301776886,0.16506053507328033,0.9961239453493524,0.39730830024927855,cosine
1,0.4951223134994507,0.4796510338783264,toothbrush,/Users/bytedance/Downloads/mvtec_anomaly_detection/toothbrush/test/defective/013.png,0.5066206455230713,0.47973331809043884,0.487225404381752,0.494741290807724,0.4897890090942383,0.9970982352010269,0.015471279621124268,cone_contrastive
1,0.11720108985900879,0.013216865248978138,toothbrush,/Users/bytedance/Downloads/mvtec_anomaly_detection/toothbrush/test/defective/014.png,0.9862908720970154,0.01605437882244587,0.06724639497697318,0.1843615174293518,0.11178959906101227,0.9760055482164975,0.10398422461003065,cosine
1,0.49039819836616516,0.4801521897315979,toothbrush,/Users/bytedance/Downloads/mvtec_anomaly_detection/toothbrush/test/defective/014.png,0.5070569515228271,0.4804317355155945,0.4891717776656151,0.4927339255809784,0.49073222279548645,0.9665446468053513,0.01024600863456726,cone_contrastive
1,0.28828898072242737,0.01572900265455246,toothbrush,/Users/bytedance/Downloads/mvtec_anomaly_detection/toothbrush/test/defective/015.png,0.9685937762260437,0.017514757812023163,0.05862154606729734,0.44535163044929504,0.20947693288326263,0.9789640256432298,0.2725599780678749,cosine
1,0.4921775758266449,0.47983139753341675,toothbrush,/Users/bytedance/Downloads/mvtec_anomaly_detection/toothbrush/test/defective/015.png,0.5049483180046082,0.47991228103637695,0.4873901933431625,0.49527987837791443,0.4905260503292084,0.9732031457062754,0.01234617829322815,cone_contrastive
1,0.21881666779518127,0.020292622968554497,toothbrush,/Users/bytedance/Downloads/mvtec_anomaly_detection/toothbrush/test/defective/016.png,0.9900211691856384,0.022635042667388916,0.08713065609335897,0.30827611684799194,0.16205547749996185,0.982155540945737,0.19852404482662678,cosine
1,0.4931766986846924,0.48099759221076965,toothbrush,/Users/bytedance/Downloads/mvtec_anomaly_detection/toothbrush/test/defective/016.png,0.5079590082168579,0.48114120960235596,0.48992228507995605,0.4948129951953888,0.4918946325778961,0.9820817515221869,0.01217910647392273,cone_contrastive
1,0.144377201795578,0.020721957087516785,toothbrush,/Users/bytedance/Downloads/mvtec_anomaly_detection/toothbrush/test/defective/017.png,0.9873130917549133,0.024171827360987663,0.09087158888578395,0.5742194652557373,0.2322571724653244,0.9615660788792828,0.12365524470806122,cosine
1,0.4911435544490814,0.48069360852241516,toothbrush,/Users/bytedance/Downloads/mvtec_anomaly_detection/toothbrush/test/defective/017.png,0.5070664286613464,0.48098519444465637,0.489626245200634,0.4986058473587036,0.49240848422050476,0.9676994625495646,0.01044994592666626,cone_contrastive
1,0.39334219694137573,0.011265651322901249,toothbrush,/Users/bytedance/Downloads/mvtec_anomaly_detection/toothbrush/test/defective/018.png,0.9809143543243408,0.01240764930844307,0.041862134076654706,0.3413254916667938,0.1341855227947235,0.9959322104648591,0.3820765456184745,cosine
1,0.4945586919784546,0.4793478846549988,toothbrush,/Users/bytedance/Downloads/mvtec_anomaly_detection/toothbrush/test/defective/018.png,0.5061540007591248,0.47939333319664,0.4865042895078659,0.49366217851638794,0.4889771044254303,0.991497063536537,0.01521080732345581,cone_contrastive
1,0.14578106999397278,0.012223484925925732,toothbrush,/Users/bytedance/Downloads/mvtec_anomaly_detection/toothbrush/test/defective/019.png,0.9740325808525085,0.014602717012166977,0.04834140334278342,0.2486809492111206,0.13357031345367432,0.9460668318530918,0.13355758506804705,cosine
1,0.49044644832611084,0.4798669219017029,toothbrush,/Users/bytedance/Downloads/mvtec_anomaly_detection/toothbrush/test/defective/019.png,0.5053659081459045,0.4800553321838379,0.48756423890590667,0.4939742088317871,0.49039655923843384,0.9356546454748705,0.010579526424407959,cone_contrastive
1,0.36506715416908264,0.012378142215311527,toothbrush,/Users/bytedance/Downloads/mvtec_anomaly_detection/toothbrush/test/defective/020.png,0.9813218712806702,0.016475172713398933,0.0524319164454937,0.4424930214881897,0.15323321521282196,0.9949165651887403,0.3526890119537711,cosine
1,0.49476978182792664,0.48005929589271545,toothbrush,/Users/bytedance/Downloads/mvtec_anomaly_detection/toothbrush/test/defective/020.png,0.5063959360122681,0.4802301824092865,0.48829408586025236,0.4961436986923218,0.4906081557273865,0.9946941476585999,0.014710485935211182,cone_contrastive
1,0.8661051988601685,0.012945091351866722,toothbrush,/Users/bytedance/Downloads/mvtec_anomaly_detection/toothbrush/test/defective/021.png,0.9876397252082825,0.015116751194000244,0.03553555626422165,0.5540947318077087,0.1629725694656372,0.9996608457003955,0.8531601075083017,cosine
1,0.5068799257278442,0.4798728823661804,toothbrush,/Users/bytedance/Downloads/mvtec_anomaly_detection/toothbrush/test/defective/021.png,0.5074310302734375,0.47994157671928406,0.4866804346442223,0.4993610382080078,0.4900430738925934,0.9995627405722126,0.02700704336166382,cone_contrastive
1,0.01705511286854744,0.005160263739526272,toothbrush,/Users/bytedance/Downloads/mvtec_anomaly_detection/toothbrush/test/defective/022.png,0.9225014448165894,0.006704371888190508,0.023907858505845057,0.04491991922259331,0.031005846336483955,0.8739916644274583,0.011894849129021168,cosine
1,0.4842092990875244,0.4785652458667755,toothbrush,/Users/bytedance/Downloads/mvtec_anomaly_detection/toothbrush/test/defective/022.png,0.5027160048484802,0.479297935962677,0.4861289218068123,0.4879761338233948,0.48687514662742615,0.86738011856413,0.005644053220748901,cone_contrastive
1,0.20394311845302582,0.01809185929596424,toothbrush,/Users/bytedance/Downloads/mvtec_anomaly_detection/toothbrush/test/defective/023.png,0.9824789762496948,0.023035211488604546,0.08563929572701444,0.2724511921405792,0.1742502748966217,0.993912767546218,0.18585125915706158,cosine
1,0.49303606152534485,0.48117563128471375,toothbrush,/Users/bytedance/Downloads/mvtec_anomaly_detection/toothbrush/test/defective/023.png,0.506707489490509,0.4814911186695099,0.48977079093456266,0.49469661712646484,0.4923211336135864,0.9895152817056896,0.011860430240631104,cone_contrastive
1,0.15591509640216827,0.012981987558305264,toothbrush,/Users/bytedance/Downloads/mvtec_anomaly_detection/toothbrush/test/defective/024.png,0.9843605160713196,0.013667557388544083,0.05278231911361217,0.15976901352405548,0.09294279664754868,0.9958837161977551,0.142933108843863,cosine
1,0.4919006824493408,0.4803343117237091,toothbrush,/Users/bytedance/Downloads/mvtec_anomaly_detection/toothbrush/test/defective/024.png,0.5069395303726196,0.4803897440433502,0.48825682401657106,0.4917275309562683,0.4897158443927765,0.9976257942644623,0.011566370725631714,cone_contrastive
1,0.10952142626047134,0.020292900502681732,toothbrush,/Users/bytedance/Downloads/mvtec_anomaly_detection/toothbrush/test/defective/025.png,0.981042742729187,0.02366751991212368,0.1060580369085073,0.1991422176361084,0.14165186882019043,0.9470568569644963,0.08922852575778961,cosine
1,0.49023836851119995,0.48098260164260864,toothbrush,/Users/bytedance/Downloads/mvtec_anomaly_detection/toothbrush/test/defective/025.png,0.5064659714698792,0.4813326597213745,0.4905941903591156,0.49291837215423584,0.49161437153816223,0.9339325401326114,0.009255766868591309,cone_contrastive
1,0.27319997549057007,0.013715751469135284,toothbrush,/Users/bytedance/Downloads/mvtec_anomaly_detection/toothbrush/test/defective/026.png,0.9775686860084534,0.015839405357837677,0.05545821841806134,0.31665948033332825,0.14713338017463684,0.9953843580973457,0.2594842240214348,cosine
1,0.49412596225738525,0.4800942838191986,toothbrush,/Users/bytedance/Downloads/mvtec_anomaly_detection/toothbrush/test/defective/026.png,0.5058227777481079,0.4802091717720032,0.4882254213094711,0.4945034384727478,0.4907154142856598,0.9975870435191655,0.014031678438186646,cone_contrastive
1,0.31302610039711,0.01944393292069435,toothbrush,/Users/bytedance/Downloads/mvtec_anomaly_detection/toothbrush/test/defective/027.png,0.9824292659759521,0.020252497866749763,0.09267291054129566,0.27552372217178345,0.1645052134990692,0.9914030908899156,0.29358216747641563,cosine
1,0.49356815218925476,0.4803866147994995,toothbrush,/Users/bytedance/Downloads/mvtec_anomaly_detection/toothbrush/test/defective/027.png,0.5065823793411255,0.4804229736328125,0.489300961792469,0.4933665692806244,0.4910034239292145,0.9790205724975077,0.013181537389755249,cone_contrastive
1,0.10675320029258728,0.013914349488914013,toothbrush,/Users/bytedance/Downloads/mvtec_anomaly_detection/toothbrush/test/defective/028.png,0.9819294810295105,0.014600112102925777,0.05798872914165252,0.16491107642650604,0.09521742165088654,0.9692279133902035,0.09283885080367327,cosine
1,0.48951396346092224,0.4802283048629761,toothbrush,/Users/bytedance/Downloads/mvtec_anomaly_detection/toothbrush/test/defective/028.png,0.5064550638198853,0.4802970290184021,0.48849798887968066,0.4911825358867645,0.48961567878723145,0.9612081559576282,0.009285658597946167,cone_contrastive
1,0.12302009761333466,0.012366805225610733,toothbrush,/Users/bytedance/Downloads/mvtec_anomaly_detection/toothbrush/test/defective/029.png,0.9747647643089294,0.019755538552999496,0.10594998002052293,0.22957344353199005,0.16128599643707275,0.9814799666549175,0.11065329238772392,cosine
1,0.4906536340713501,0.4800945520401001,toothbrush,/Users/bytedance/Downloads/mvtec_anomaly_detection/toothbrush/test/defective/029.png,0.5057230591773987,0.4807996153831482,0.4904756873846054,0.49374496936798096,0.4921419322490692,0.9751914415229088,0.01055908203125,cone_contrastive
0,nan,0.012184444814920425,toothbrush,/Users/bytedance/Downloads/mvtec_anomaly_detection/toothbrush/test/good/000.png,0.9036180377006531,0.012184444814920425,0.04791255276650178,0.2929922640323639,0.1346343606710434,nan,nan,cosine
0,nan,0.47950372099876404,toothbrush,/Users/bytedance/Downloads/mvtec_anomaly_detection/toothbrush/test/good/000.png,0.5020634531974792,0.47950372099876404,0.48607721626758577,0.4912075400352478,0.48811638355255127,nan,nan,cone_contrastive
0,nan,0.011366435326635838,toothbrush,/Users/bytedance/Downloads/mvtec_anomaly_detection/toothbrush/test/good/001.png,0.9379658102989197,0.011366435326635838,0.0492084290832281,0.2190302014350891,0.11156237870454788,nan,nan,cosine
0,nan,0.47940191626548767,toothbrush,/Users/bytedance/Downloads/mvtec_anomaly_detection/toothbrush/test/good/001.png,0.5031517148017883,0.47940191626548767,0.48645284622907636,0.4908451437950134,0.4882631301879883,nan,nan,cone_contrastive
0,nan,0.009083027951419353,toothbrush,/Users/bytedance/Downloads/mvtec_anomaly_detection/toothbrush/test/good/002.png,0.8781378865242004,0.009083027951419353,0.03596720695495605,0.18641123175621033,0.09031488746404648,nan,nan,cosine
0,nan,0.47914984822273254,toothbrush,/Users/bytedance/Downloads/mvtec_anomaly_detection/toothbrush/test/good/002.png,0.501399040222168,0.47914984822273254,0.4854964271187782,0.4899890124797821,0.48734450340270996,nan,nan,cone_contrastive
0,nan,0.011732176877558231,toothbrush,/Users/bytedance/Downloads/mvtec_anomaly_detection/toothbrush/test/good/003.png,0.9570397138595581,0.011732176877558231,0.04840576034039254,0.22811178863048553,0.11199717968702316,nan,nan,cosine
0,nan,0.47961390018463135,toothbrush,/Users/bytedance/Downloads/mvtec_anomaly_detection/toothbrush/test/good/003.png,0.5041895508766174,0.47961390018463135,0.4870004266500473,0.4914422333240509,0.4889117181301117,nan,nan,cone_contrastive
0,nan,0.005784268490970135,toothbrush,/Users/bytedance/Downloads/mvtec_anomaly_detection/toothbrush/test/good/004.png,0.953819751739502,0.005784268490970135,0.017469116300344464,0.0674121230840683,0.030388351529836655,nan,nan,cosine
0,nan,0.4791838824748993,toothbrush,/Users/bytedance/Downloads/mvtec_anomaly_detection/toothbrush/test/good/004.png,0.5039884448051453,0.4791838824748993,0.48505452275276184,0.48753610253334045,0.4859226942062378,nan,nan,cone_contrastive
0,nan,0.006378207355737686,toothbrush,/Users/bytedance/Downloads/mvtec_anomaly_detection/toothbrush/test/good/005.png,0.9600891470909119,0.006378207355737686,0.017798576783388847,0.06866806745529175,0.031041977927088737,nan,nan,cosine
0,nan,0.4795452654361725,toothbrush,/Users/bytedance/Downloads/mvtec_anomaly_detection/toothbrush/test/good/005.png,0.504306972026825,0.4795452654361725,0.4851576894521713,0.4875328242778778,0.4859490990638733,nan,nan,cone_contrastive
0,nan,0.009814347140491009,toothbrush,/Users/bytedance/Downloads/mvtec_anomaly_detection/toothbrush/test/good/006.png,0.9785125255584717,0.009814347140491009,0.02893295371904966,0.1469290405511856,0.06420488655567169,nan,nan,cosine
0,nan,0.47998225688934326,toothbrush,/Users/bytedance/Downloads/mvtec_anomaly_detection/toothbrush/test/good/006.png,0.5060737133026123,0.47998225688934326,0.486282454431057,0.4900442063808441,0.48757538199424744,nan,nan,cone_contrastive
0,nan,0.010043327696621418,toothbrush,/Users/bytedance/Downloads/mvtec_anomaly_detection/toothbrush/test/good/007.png,0.977270781993866,0.010043327696621418,0.030469355639070207,0.2081456184387207,0.08245867490768433,nan,nan,cosine
0,nan,0.4796881377696991,toothbrush,/Users/bytedance/Downloads/mvtec_anomaly_detection/toothbrush/test/good/007.png,0.5058237910270691,0.4796881377696991,0.48648731559515,0.49133679270744324,0.4881986975669861,nan,nan,cone_contrastive
0,nan,0.009106220677495003,toothbrush,/Users/bytedance/Downloads/mvtec_anomaly_detection/toothbrush/test/good/008.png,0.9614853858947754,0.009106220677495003,0.03563748169690369,0.10456491261720657,0.061916980892419815,nan,nan,cosine
0,nan,0.4795978367328644,toothbrush,/Users/bytedance/Downloads/mvtec_anomaly_detection/toothbrush/test/good/008.png,0.5045573115348816,0.4795978367328644,0.4863979980349541,0.48951178789138794,0.48771530389785767,nan,nan,cone_contrastive
0,nan,0.009031778201460838,toothbrush,/Users/bytedance/Downloads/mvtec_anomaly_detection/toothbrush/test/good/009.png,0.9619863033294678,0.009031778201460838,0.035152833722531786,0.12536197900772095,0.06760033220052719,nan,nan,cosine
0,nan,0.47936296463012695,toothbrush,/Users/bytedance/Downloads/mvtec_anomaly_detection/toothbrush/test/good/009.png,0.5045868754386902,0.47936296463012695,0.4864592418074608,0.48968613147735596,0.487805038690567,nan,nan,cone_contrastive
0,nan,0.010949458926916122,toothbrush,/Users/bytedance/Downloads/mvtec_anomaly_detection/toothbrush/test/good/010.png,0.9723811745643616,0.010949458926916122,0.043363656476140024,0.11478064954280853,0.06888893991708755,nan,nan,cosine
0,nan,0.47996020317077637,toothbrush,/Users/bytedance/Downloads/mvtec_anomaly_detection/toothbrush/test/good/010.png,0.5054820775985718,0.47996020317077637,0.4873091444373131,0.48981016874313354,0.4883739948272705,nan,nan,cone_contrastive
0,nan,0.007683804724365473,toothbrush,/Users/bytedance/Downloads/mvtec_anomaly_detection/toothbrush/test/good/011.png,0.9583009481430054,0.007683804724365473,0.02669514026492834,0.06486285477876663,0.03790571168065071,nan,nan,cosine
0,nan,0.479727566242218,toothbrush,/Users/bytedance/Downloads/mvtec_anomaly_detection/toothbrush/test/good/011.png,0.5042184591293335,0.479727566242218,0.48635655641555786,0.48825380206108093,0.48711666464805603,nan,nan,cone_contrastive
