dataset,auxiliary_train_set,pixel_auroc,pixel_aupro,image_auroc,image_ap,config,note
MVTec-AD,VisA,66.8,31.6,77.8,89.6,"RHNA(hyperbolic_uot,unbalanced,cone,combined); ViT-L/14@336px@518px; depth9,n_ctx12,t_n_ctx4,feat24; aux checkpoint epoch_15",
VisA,MVTec-AD,79.7,52.2,60.6,68.6,"RHNA(hyperbolic_uot,unbalanced,cone,combined); ViT-L/14@336px@518px; depth9,n_ctx12,t_n_ctx4,feat24; aux checkpoint epoch_15",
MPDD,VisA,57.8,11,56.6,61.7,"RHNA(hyperbolic_uot,unbalanced,cone,combined); ViT-L/14@336px@518px; depth9,n_ctx12,t_n_ctx4,feat24; aux checkpoint epoch_15",bracket_brown excluded (images missing on disk)
BTAD,VisA,57.5,7.5,71.2,73.2,"RHNA(hyperbolic_uot,unbalanced,cone,combined); ViT-L/14@336px@518px; depth9,n_ctx12,t_n_ctx4,feat24; aux checkpoint epoch_15",
DTD-Synthetic,VisA,58.6,13.4,61.8,82.1,"RHNA(hyperbolic_uot,unbalanced,cone,combined); ViT-L/14@336px@518px; depth9,n_ctx12,t_n_ctx4,feat24; aux checkpoint epoch_15",Woven_127 excluded (images missing on disk)
CVC-ClinicDB,VisA,65.9,37.6,,,"RHNA(hyperbolic_uot,unbalanced,cone,combined); ViT-L/14@336px@518px; depth9,n_ctx12,t_n_ctx4,feat24; aux checkpoint epoch_15",image metrics n/a: local test split has anomalies only
CVC-ColonDB,VisA,58.2,32.4,,,"RHNA(hyperbolic_uot,unbalanced,cone,combined); ViT-L/14@336px@518px; depth9,n_ctx12,t_n_ctx4,feat24; aux checkpoint epoch_15",image metrics n/a: local test split has anomalies only
Kvasir,VisA,63.7,27.6,,,"RHNA(hyperbolic_uot,unbalanced,cone,combined); ViT-L/14@336px@518px; depth9,n_ctx12,t_n_ctx4,feat24; aux checkpoint epoch_15",image metrics n/a: local test split has anomalies only
ISIC,VisA,78.7,55.2,,,"RHNA(hyperbolic_uot,unbalanced,cone,combined); ViT-L/14@336px@518px; depth9,n_ctx12,t_n_ctx4,feat24; aux checkpoint epoch_15",image metrics n/a: local test split has anomalies only
