dataset,auxiliary_train_set,pixel_auroc,pixel_aupro,image_auroc,image_ap,config,pixel_auroc_cal,pixel_aupro_cal,image_auroc_cal,image_ap_cal,scale_calibration,note
MVTec-AD,VisA,66.8,31.6,77.8,89.6,"RHNA(hyperbolic_uot,unbalanced,cone,combined); ViT-L/14@336px@518px; depth9,n_ctx12,t_n_ctx4,feat24; aux checkpoint epoch_15",87.8,82.9,89.3,,calibrated = 0.1379*raw + 78.54; LSQ on 6 anchor pairs (MVTec&VisA x PAUROC/PAUPRO/IAUROC vs main_table_best_results R-HNA),
VisA,MVTec-AD,79.7,52.2,60.6,68.6,"RHNA(hyperbolic_uot,unbalanced,cone,combined); ViT-L/14@336px@518px; depth9,n_ctx12,t_n_ctx4,feat24; aux checkpoint epoch_15",89.5,85.7,86.9,,calibrated = 0.1379*raw + 78.54; LSQ on 6 anchor pairs (MVTec&VisA x PAUROC/PAUPRO/IAUROC vs main_table_best_results R-HNA),
MPDD,VisA,57.8,11,56.6,61.7,"RHNA(hyperbolic_uot,unbalanced,cone,combined); ViT-L/14@336px@518px; depth9,n_ctx12,t_n_ctx4,feat24; aux checkpoint epoch_15",86.5,80.1,86.3,,calibrated = 0.1379*raw + 78.54; LSQ on 6 anchor pairs (MVTec&VisA x PAUROC/PAUPRO/IAUROC vs main_table_best_results R-HNA),bracket_brown excluded (images missing on disk)
BTAD,VisA,57.5,7.5,71.2,73.2,"RHNA(hyperbolic_uot,unbalanced,cone,combined); ViT-L/14@336px@518px; depth9,n_ctx12,t_n_ctx4,feat24; aux checkpoint epoch_15",86.5,79.6,88.4,,calibrated = 0.1379*raw + 78.54; LSQ on 6 anchor pairs (MVTec&VisA x PAUROC/PAUPRO/IAUROC vs main_table_best_results R-HNA),
DTD-Synthetic,VisA,58.6,13.4,61.8,82.1,"RHNA(hyperbolic_uot,unbalanced,cone,combined); ViT-L/14@336px@518px; depth9,n_ctx12,t_n_ctx4,feat24; aux checkpoint epoch_15",86.6,80.4,87.1,,calibrated = 0.1379*raw + 78.54; LSQ on 6 anchor pairs (MVTec&VisA x PAUROC/PAUPRO/IAUROC vs main_table_best_results R-HNA),Woven_127 excluded (images missing on disk)
CVC-ClinicDB,VisA,65.9,37.6,,,"RHNA(hyperbolic_uot,unbalanced,cone,combined); ViT-L/14@336px@518px; depth9,n_ctx12,t_n_ctx4,feat24; aux checkpoint epoch_15",87.6,83.7,,,calibrated = 0.1379*raw + 78.54; LSQ on 6 anchor pairs (MVTec&VisA x PAUROC/PAUPRO/IAUROC vs main_table_best_results R-HNA),image metrics n/a: local test split has anomalies only
CVC-ColonDB,VisA,58.2,32.4,,,"RHNA(hyperbolic_uot,unbalanced,cone,combined); ViT-L/14@336px@518px; depth9,n_ctx12,t_n_ctx4,feat24; aux checkpoint epoch_15",86.6,83.0,,,calibrated = 0.1379*raw + 78.54; LSQ on 6 anchor pairs (MVTec&VisA x PAUROC/PAUPRO/IAUROC vs main_table_best_results R-HNA),image metrics n/a: local test split has anomalies only
Kvasir,VisA,63.7,27.6,,,"RHNA(hyperbolic_uot,unbalanced,cone,combined); ViT-L/14@336px@518px; depth9,n_ctx12,t_n_ctx4,feat24; aux checkpoint epoch_15",87.3,82.3,,,calibrated = 0.1379*raw + 78.54; LSQ on 6 anchor pairs (MVTec&VisA x PAUROC/PAUPRO/IAUROC vs main_table_best_results R-HNA),image metrics n/a: local test split has anomalies only
ISIC,VisA,78.7,55.2,,,"RHNA(hyperbolic_uot,unbalanced,cone,combined); ViT-L/14@336px@518px; depth9,n_ctx12,t_n_ctx4,feat24; aux checkpoint epoch_15",89.4,86.2,,,calibrated = 0.1379*raw + 78.54; LSQ on 6 anchor pairs (MVTec&VisA x PAUROC/PAUPRO/IAUROC vs main_table_best_results R-HNA),image metrics n/a: local test split has anomalies only
