anomaly_energy_region_gap_mean,anomaly_energy_region_gap_std,background_mean_mean,background_mean_std,class,defect_type,energy_gap_region_gap_mean,energy_gap_region_gap_std,mask_mean_mean,mask_mean_std,n,normal_energy_region_gap_mean,normal_energy_region_gap_std,pixel_auc_mean,pixel_auc_std,region_gap_mean,region_gap_std,score_energy_region_gap_mean,score_energy_region_gap_std,severity,variant
nan,nan,0.003656370477983728,0.0009107299927240485,capsule,noise_patch,nan,nan,0.005339537470717914,0.009011871995561792,16,nan,nan,0.5167844668346769,0.22561153444305285,0.0016831669927341864,0.008721277085799409,nan,nan,0.0,cosine
nan,nan,0.6869538575410843,0.0003483126367419398,capsule,noise_patch,nan,nan,0.6870900541543961,0.002246116350886968,16,0.00032059475779533386,0.00514061041025489,0.517175301745899,0.21602327451112524,0.00013619661331176758,0.00220118746341744,0.00032059475779533386,0.00514061041025489,0.0,cone_normal_only
-0.00018339604139328003,0.0038557198120456534,0.4780134651809931,0.00039855918496093366,capsule,noise_patch,0.0005039963871240616,0.008944822670964964,0.47813938185572624,0.002298607047156777,16,0.00032059475779533386,0.00514061041025489,0.5096304743616163,0.2330103415677337,0.00012591667473316193,0.002232739324921246,0.0005039963871240616,0.008944822670964964,0.0,cone_contrastive
nan,nan,0.004834967854549177,0.0010362829259496073,capsule,noise_patch,nan,nan,0.04824107454624027,0.04409818593330997,16,nan,nan,0.9448421499737403,0.03469982432265202,0.04340610669169109,0.04364826187458607,nan,nan,0.25,cosine
nan,nan,0.6874939389526844,0.0003096184061254211,capsule,noise_patch,nan,nan,0.6934390552341938,0.0021307028116478634,16,0.013918701559305191,0.0050957213940342645,0.9099992639148994,0.04940320825206073,0.005945116281509399,0.002160242948291131,0.013918701559305191,0.0050957213940342645,0.25,cone_normal_only
-0.014846980571746826,0.004516091831962814,0.4786188844591379,0.0003479446681587267,capsule,noise_patch,0.028765736147761345,0.009567398550371033,0.48580123111605644,0.0023355613922002747,16,0.013918701559305191,0.0050957213940342645,0.9380157635287112,0.0343852549906985,0.007182346656918526,0.00239023482632099,0.028765736147761345,0.009567398550371033,0.25,cone_contrastive
nan,nan,0.005699477274902165,0.001362474680153422,capsule,noise_patch,nan,nan,0.10414872551336884,0.06136803908659205,16,nan,nan,0.9894987064151052,0.006337597972012021,0.09844924823846668,0.060357557681931455,nan,nan,0.5,cosine
nan,nan,0.687525887042284,0.0003448247622343017,capsule,noise_patch,nan,nan,0.6966161578893661,0.0018549753594224935,16,0.021344590932130814,0.004581706210577689,0.9761934386206941,0.014357668846311412,0.009090270847082138,0.0019357665435831481,0.021344590932130814,0.004581706210577689,0.5,cone_normal_only
-0.02060529589653015,0.003895446527630522,0.47865532524883747,0.00039999640053115095,capsule,noise_patch,0.04194989171810448,0.008444711102903566,0.48913154006004333,0.001996296507253228,16,0.021344590932130814,0.004581706210577689,0.9831339172953314,0.009745207122676403,0.010476214811205864,0.0021100124586107176,0.04194989171810448,0.008444711102903566,0.5,cone_contrastive
nan,nan,0.006116562552051619,0.0012681837767891287,capsule,noise_patch,nan,nan,0.11913050012663007,0.04189622482642055,16,nan,nan,0.992281754494883,0.0035096827591461063,0.11301393757457845,0.041106118159655314,nan,nan,0.75,cosine
nan,nan,0.6874788999557495,0.00035602543929830606,capsule,noise_patch,nan,nan,0.6977776810526848,0.0014484911304891244,16,0.024198289960622787,0.0038038641714029063,0.9864887862503243,0.008425641745891157,0.010298781096935272,0.0016090427779213942,0.024198289960622787,0.0038038641714029063,0.75,cone_normal_only
-0.022200915962457657,0.0029833850815994705,0.47860147431492805,0.0004278358736243986,capsule,noise_patch,0.046399232000112534,0.006747060675987312,0.4901892188936472,0.001473248726444881,16,0.024198289960622787,0.0038038641714029063,0.9891186963055315,0.005415623344184435,0.011587744578719139,0.0016855914440517892,0.046399232000112534,0.006747060675987312,0.75,cone_contrastive
nan,nan,0.006372835603542626,0.0013244175837347956,capsule,noise_patch,nan,nan,0.12623972026631236,0.030522898530755023,16,nan,nan,0.9923211584768847,0.0038482169503951734,0.11986688466276973,0.02962520048077418,nan,nan,1.0,cosine
nan,nan,0.6874487362802029,0.00035923999989716005,capsule,noise_patch,nan,nan,0.6981823779642582,0.0011019242086596768,16,0.02522645890712738,0.002979568664950468,0.9892429997964686,0.005683203090931556,0.010733641684055328,0.001261622234574282,0.02522645890712738,0.002979568664950468,1.0,cone_normal_only
-0.022662434726953506,0.00235684081293201,0.47856555692851543,0.00043335898383884243,capsule,noise_patch,0.047888858476653695,0.005275686492258745,0.4905254505574703,0.001125565417417585,16,0.02522645890712738,0.002979568664950468,0.9904206171123306,0.003827607972094988,0.011959893628954887,0.0013179194802066063,0.047888858476653695,0.005275686492258745,1.0,cone_contrastive
nan,nan,0.003656370477983728,0.0009107299927240485,capsule,color_shift,nan,nan,0.005339537470717914,0.009011871995561792,16,nan,nan,0.5167844668346769,0.22561153444305285,0.0016831669927341864,0.008721277085799409,nan,nan,0.0,cosine
nan,nan,0.6869538575410843,0.0003483126367419398,capsule,color_shift,nan,nan,0.6870900541543961,0.002246116350886968,16,0.00032059475779533386,0.00514061041025489,0.517175301745899,0.21602327451112524,0.00013619661331176758,0.00220118746341744,0.00032059475779533386,0.00514061041025489,0.0,cone_normal_only
-0.00018339604139328003,0.0038557198120456534,0.4780134651809931,0.00039855918496093366,capsule,color_shift,0.0005039963871240616,0.008944822670964964,0.47813938185572624,0.002298607047156777,16,0.00032059475779533386,0.00514061041025489,0.5096304743616163,0.2330103415677337,0.00012591667473316193,0.002232739324921246,0.0005039963871240616,0.008944822670964964,0.0,cone_contrastive
nan,nan,0.005287954467348754,0.0013901480685880557,capsule,color_shift,nan,nan,0.05786005058325827,0.034791656594758046,16,nan,nan,0.9592456209717337,0.025859193163325984,0.05257209611590952,0.034108013832940036,nan,nan,0.25,cosine
nan,nan,0.6874351352453232,0.0003587342278584303,capsule,color_shift,nan,nan,0.6940783523023129,0.0017177872305704984,16,0.015567466616630554,0.004079635120368681,0.9264989702185762,0.04138641929214502,0.00664321705698967,0.0017313005099646157,0.015567466616630554,0.004079635120368681,0.25,cone_normal_only
-0.016021843999624252,0.003934560881610183,0.4785620700567961,0.00040657116369842986,capsule,color_shift,0.03158933995291591,0.007869701302903471,0.4864499978721142,0.001938176151366869,16,0.015567466616630554,0.004079635120368681,0.9445555119301398,0.03359945927299053,0.007887927815318108,0.001965932489652045,0.03158933995291591,0.007869701302903471,0.25,cone_contrastive
nan,nan,0.005796131590614095,0.0013275698543542033,capsule,color_shift,nan,nan,0.06938332295976579,0.03409330374820099,16,nan,nan,0.9681687870262417,0.020793152160094024,0.0635871913691517,0.0332360557531892,nan,nan,0.5,cosine
nan,nan,0.6875351294875145,0.0003528177505048306,capsule,color_shift,nan,nan,0.6949895285069942,0.0013947694033833934,16,0.017480388283729553,0.003343516094609677,0.9438627512531548,0.03050742299912254,0.007454399019479752,0.0014174650333913519,0.017480388283729553,0.003343516094609677,0.5,cone_normal_only
-0.017497502267360687,0.00341386153544772,0.4786814134567976,0.00040178219907467926,capsule,color_shift,0.03497791406698525,0.006628925931045065,0.48741591162979603,0.001623562420126637,16,0.017480388283729553,0.003343516094609677,0.9570600868581851,0.025273744953040442,0.008734498172998428,0.001656039672983389,0.03497791406698525,0.006628925931045065,0.5,cone_contrastive
nan,nan,0.005980677087791264,0.0013552405919846483,capsule,color_shift,nan,nan,0.07696437323465943,0.03807776516371488,16,nan,nan,0.9706177013430772,0.02096988885942535,0.07098369614686817,0.03716826941954859,nan,nan,0.75,cosine
nan,nan,0.6875657886266708,0.00034528697638670195,capsule,color_shift,nan,nan,0.6954578422009945,0.0014369305591647472,16,0.01851404830813408,0.003490366413885948,0.9502521033412752,0.029880849449595917,0.007892053574323654,0.0014788483317754143,0.01851404830813408,0.003490366413885948,0.75,cone_normal_only
-0.018219247460365295,0.0033675807045532137,0.4787181131541729,0.00039961195399009565,capsule,color_shift,0.03673327621072531,0.00677680266141627,0.4878911841660738,0.0016482659651784854,16,0.01851404830813408,0.003490366413885948,0.9612638389742786,0.024724111574941327,0.009173071011900902,0.0016930690002505827,0.03673327621072531,0.00677680266141627,0.75,cone_contrastive
nan,nan,0.006002045847708359,0.0013743097849603018,capsule,color_shift,nan,nan,0.0799268411938101,0.03626881569649468,16,nan,nan,0.9751164511237,0.01743402040329199,0.07392479534610175,0.035236215841833465,nan,nan,1.0,cosine
nan,nan,0.6875671185553074,0.0003479612637146754,capsule,color_shift,nan,nan,0.6957538351416588,0.0013302239512685595,16,0.019208576530218124,0.003096004186286433,0.9569847122601032,0.026137381504260423,0.008186716586351395,0.0013102045699010148,0.019208576530218124,0.003096004186286433,1.0,cone_normal_only
-0.018616434186697006,0.0029192269598755046,0.4787193816155195,0.0004054633675855136,capsule,color_shift,0.03782500419765711,0.0059371073191460694,0.48816514760255814,0.0014949211749155707,16,0.019208576530218124,0.003096004186286433,0.9666002427830387,0.021710093476374058,0.009445765987038612,0.001483360915638427,0.03782500419765711,0.0059371073191460694,1.0,cone_contrastive
nan,nan,0.003656370477983728,0.0009107299927240485,capsule,cutout,nan,nan,0.005339537470717914,0.009011871995561792,16,nan,nan,0.5167844668346769,0.22561153444305285,0.0016831669927341864,0.008721277085799409,nan,nan,0.0,cosine
nan,nan,0.6869538575410843,0.0003483126367419398,capsule,cutout,nan,nan,0.6870900541543961,0.002246116350886968,16,0.00032059475779533386,0.00514061041025489,0.517175301745899,0.21602327451112524,0.00013619661331176758,0.00220118746341744,0.00032059475779533386,0.00514061041025489,0.0,cone_normal_only
-0.00018339604139328003,0.0038557198120456534,0.4780134651809931,0.00039855918496093366,capsule,cutout,0.0005039963871240616,0.008944822670964964,0.47813938185572624,0.002298607047156777,16,0.00032059475779533386,0.00514061041025489,0.5096304743616163,0.2330103415677337,0.00012591667473316193,0.002232739324921246,0.0005039963871240616,0.008944822670964964,0.0,cone_contrastive
nan,nan,0.005397712273406796,0.0012381263187964025,capsule,cutout,nan,nan,0.05334548110840842,0.03073632383699926,16,nan,nan,0.9365588554549928,0.05955470463004383,0.047947768835001625,0.030106253314817012,nan,nan,0.25,cosine
nan,nan,0.6875132732093334,0.00031191842043434565,capsule,cutout,nan,nan,0.6938483268022537,0.002011923295759558,16,0.014849785715341568,0.004687598459230425,0.9089693933138094,0.05687886580397322,0.006335053592920303,0.0019896344284244727,0.014849785715341568,0.004687598459230425,0.25,cone_normal_only
-0.014414984732866287,0.004377571714480051,0.47864462435245514,0.00036974309822749196,capsule,cutout,0.0292647669557482,0.00900848155661953,0.4859520960599184,0.002271691156136868,16,0.014849785715341568,0.004687598459230425,0.9230075935309479,0.055359411034713736,0.0073074717074632645,0.0022502947067540267,0.0292647669557482,0.00900848155661953,0.25,cone_contrastive
nan,nan,0.005496061567100696,0.0010644985817872912,capsule,cutout,nan,nan,0.051563066052040085,0.024162730854399947,16,nan,nan,0.9387876182803225,0.05842301185839051,0.04606700448493939,0.02383594328992955,nan,nan,0.5,cosine
nan,nan,0.6875441186130047,0.0002981642182575808,capsule,cutout,nan,nan,0.6940468959510326,0.0018852311688598235,16,0.01524367555975914,0.004369009059277065,0.9120833976053835,0.05861742054122088,0.006502777338027954,0.0018566765803457572,0.01524367555975914,0.004369009059277065,0.5,cone_normal_only
-0.014530573040246964,0.0035987055897865592,0.4786851052194834,0.0003548748065554362,capsule,cutout,0.029774236725643277,0.007914301576321812,0.4861197993159294,0.0019994467929362386,16,0.01524367555975914,0.004369009059277065,0.9248569634096342,0.055561992611912685,0.007434694096446037,0.0019767777537533886,0.029774236725643277,0.007914301576321812,0.5,cone_contrastive
nan,nan,0.005322255470673554,0.0009940862619273942,capsule,cutout,nan,nan,0.05174444301519543,0.02407956675346609,16,nan,nan,0.9536501714016566,0.03653994566419479,0.046422187544521876,0.02367508675557895,nan,nan,0.75,cosine
nan,nan,0.6874786913394928,0.0003012611734980691,capsule,cutout,nan,nan,0.6944224834442139,0.0015820241930055733,16,0.016271967440843582,0.003647104599020337,0.9310509353973472,0.04729630996031989,0.006943792104721069,0.0015487517653825665,0.016271967440843582,0.003647104599020337,0.75,cone_normal_only
-0.015751443803310394,0.0027946654547560098,0.4785954151302576,0.000349969580631115,capsule,cutout,0.03202343313023448,0.006276623539480943,0.4865915812551975,0.0015813745955541216,16,0.016271967440843582,0.003647104599020337,0.9442128070964904,0.03971091330934782,0.007996166124939919,0.0015678512012723197,0.03202343313023448,0.006276623539480943,0.75,cone_contrastive
nan,nan,0.005105062504298985,0.0010976786025796547,capsule,cutout,nan,nan,0.0688214460387826,0.04051832657228649,16,nan,nan,0.9705192565772597,0.024959408781523633,0.06371638353448361,0.03993826535901962,nan,nan,1.0,cosine
nan,nan,0.6873724535107613,0.00030573629222730065,capsule,cutout,nan,nan,0.6951706893742085,0.002093590142997034,16,0.01827940344810486,0.0048204409315118,0.9510488412785179,0.04464433105237043,0.007798235863447189,0.0020438343682553533,0.01827940344810486,0.0048204409315118,1.0,cone_normal_only
-0.01902902126312256,0.0035877037184635493,0.4784741587936878,0.00034716119522762933,capsule,cutout,0.037308420054614544,0.008186439399415383,0.4877903778105974,0.0020867503681191216,16,0.01827940344810486,0.0048204409315118,0.9667240461840964,0.030139054227656455,0.0093162190169096,0.0020452222190883666,0.037308420054614544,0.008186439399415383,1.0,cone_contrastive
nan,nan,0.0037002215249231085,0.0009967614301171377,capsule,scratch,nan,nan,0.0050519914548203815,0.007329424959964843,16,nan,nan,0.5585128316584254,0.2860596270982722,0.001351769929897273,0.006876506125054302,nan,nan,0.0,cosine
nan,nan,0.686957098543644,0.00035576325833878834,capsule,scratch,nan,nan,0.6875297352671623,0.0029785609117780787,16,0.0013369396328926086,0.00674244416295995,0.5476947479358588,0.279313665083288,0.0005726367235183716,0.0028891377512783195,0.0013369396328926086,0.00674244416295995,0.0,cone_normal_only
-0.0009442232549190521,0.004990387675987758,0.4780164770781994,0.0004071657877982027,capsule,scratch,0.002281159395352006,0.011676985406618465,0.4785858802497387,0.003020218947305996,16,0.0013369396328926086,0.00674244416295995,0.5436711680221097,0.2898862445981714,0.0005694031715393066,0.0029145613650253185,0.002281159395352006,0.011676985406618465,0.0,cone_contrastive
nan,nan,0.004900286745396443,0.0013875918794420657,capsule,scratch,nan,nan,0.1568698221235536,0.1916737592134767,16,nan,nan,0.9925521168337468,0.015516053427582895,0.15196953537815716,0.19058499340378277,nan,nan,0.25,cosine
nan,nan,0.6871490404009819,0.00031433949199722894,capsule,scratch,nan,nan,0.6974314376711845,0.0036838331569875307,16,0.024173680692911148,0.008990098560921408,0.9840614303703994,0.033237553363253555,0.010282397270202637,0.003772404043010625,0.024173680692911148,0.008990098560921408,0.25,cone_normal_only
-0.023610640317201614,0.008678045465214052,0.47823385521769524,0.00035231202778092044,capsule,scratch,0.047784279740881175,0.01759293237057922,0.4901679027825594,0.00428785572962141,16,0.024173680692911148,0.008990098560921408,0.9896786649992559,0.02362501473720564,0.011934047564864159,0.004396742848945563,0.047784279740881175,0.01759293237057922,0.25,cone_contrastive
nan,nan,0.005408319120761007,0.0014867529369730955,capsule,scratch,nan,nan,0.18131335265934467,0.15054860885162302,16,nan,nan,0.9954714735456189,0.0045535655247355466,0.17590503353858367,0.14940464358036223,nan,nan,0.5,cosine
nan,nan,0.6872016973793507,0.00035979989259798365,capsule,scratch,nan,nan,0.6982440203428268,0.002993707239589964,16,0.02596496045589447,0.007195073404752695,0.9913731755662755,0.019493198168595967,0.011042322963476181,0.003027784245257801,0.02596496045589447,0.007195073404752695,0.5,cone_normal_only
-0.025418177247047424,0.006983911237277949,0.4783114865422249,0.00039294776149599277,capsule,scratch,0.05138311386690475,0.014113887508819936,0.49114481918513775,0.0034927491177919098,16,0.02596496045589447,0.007195073404752695,0.9943289831508944,0.01127919421301763,0.012833332642912865,0.0035271750753427464,0.05138311386690475,0.014113887508819936,0.5,cone_contrastive
nan,nan,0.0054889312596060336,0.0016809812587128138,capsule,scratch,nan,nan,0.17971657600719482,0.12931254909219872,16,nan,nan,0.9954845735825477,0.003359867065142382,0.17422764474758878,0.12811449382762494,nan,nan,0.75,cosine
nan,nan,0.6872066110372543,0.0003757581386919166,capsule,scratch,nan,nan,0.6982939019799232,0.002731427195179337,16,0.02606716752052307,0.006459210362918972,0.9923493178441092,0.015518818951717934,0.011087290942668915,0.0027216379286125686,0.02606716752052307,0.006459210362918972,0.75,cone_normal_only
-0.025499511510133743,0.006407491461900776,0.4783326555043459,0.00040956858558920995,capsule,scratch,0.05156674201134592,0.012791206676228684,0.4912118576467037,0.003222134823407928,16,0.02606716752052307,0.006459210362918972,0.994882930480089,0.008599870004462235,0.012879202142357826,0.0031965717191215362,0.05156674201134592,0.012791206676228684,0.75,cone_contrastive
nan,nan,0.005207164111197926,0.0016087657629107806,capsule,scratch,nan,nan,0.16214550251606852,0.1216483180287512,16,nan,nan,0.9952529369789676,0.0035922229312163037,0.1569383384048706,0.12053225780177308,nan,nan,1.0,cosine
nan,nan,0.6871727779507637,0.00037012474066401986,capsule,scratch,nan,nan,0.6977985687553883,0.002872401694382462,16,0.024974245578050613,0.006709853956244823,0.9876207153687853,0.0272238023782433,0.010625790804624557,0.002831676881130284,0.024974245578050613,0.006709853956244823,1.0,cone_normal_only
-0.024424664676189423,0.006518042646294117,0.47830324806272984,0.00040751087363446613,capsule,scratch,0.049398892442695796,0.013152655344681137,0.49064081348478794,0.0033550547452111438,16,0.024974245578050613,0.006709853956244823,0.9920860160453269,0.016455512334589105,0.012337565422058105,0.003286676798344038,0.049398892442695796,0.013152655344681137,1.0,cone_contrastive
nan,nan,0.011078437499236315,0.00248142327456272,pill,noise_patch,nan,nan,0.014325050629850011,0.01897515613837804,16,nan,nan,0.6015304814604393,0.19760983122263046,0.003246613130613696,0.019276624887748672,nan,nan,0.0,cosine
nan,nan,0.6881989575922489,0.0002589721380477727,pill,noise_patch,nan,nan,0.6891865395009518,0.0023994177666450743,16,0.002309132367372513,0.005630411870728134,0.5905574983980677,0.21949846014461435,0.0009875819087028503,0.002408392913864843,0.002309132367372513,0.005630411870728134,0.0,cone_normal_only
-0.0017376281321048737,0.004256863402465252,0.47901177778840065,0.00030340834636282245,pill,noise_patch,0.0040467712096869946,0.009793532352134272,0.48002196848392487,0.0024375711530500678,16,0.002309132367372513,0.005630411870728134,0.58747311924134,0.21819326630126323,0.0010101906955242157,0.002444592368979226,0.0040467712096869946,0.009793532352134272,0.0,cone_contrastive
nan,nan,0.010824547032825649,0.0021791185260964965,pill,noise_patch,nan,nan,0.06986150913871825,0.03899488468849427,16,nan,nan,0.900713545810789,0.05609709346813157,0.0590369621058926,0.03876062425945597,nan,nan,0.25,cosine
nan,nan,0.6881014481186867,0.0003279888885911009,pill,noise_patch,nan,nan,0.6941722929477692,0.0019268545602095062,16,0.014233328402042389,0.004766423659755061,0.889622326577437,0.058759350327288656,0.006070844829082489,0.0020235946704504036,0.014233328402042389,0.004766423659755061,0.25,cone_normal_only
-0.014680281281471252,0.004879548271999632,0.4789445623755455,0.00037537435699054963,pill,noise_patch,0.028913616901263595,0.009539490208804522,0.4861642085015774,0.002270313507414607,16,0.014233328402042389,0.004766423659755061,0.9029871724724349,0.054208033023392256,0.007219646126031876,0.0023828696204502855,0.028913616901263595,0.009539490208804522,0.25,cone_contrastive
nan,nan,0.012371545366477221,0.0028356196391883287,pill,noise_patch,nan,nan,0.13717909110710025,0.042484710164754164,16,nan,nan,0.9692427982275901,0.01309660588752493,0.12480754574062303,0.041292291280579686,nan,nan,0.5,cosine
nan,nan,0.6881209872663021,0.0003975288796405761,pill,noise_patch,nan,nan,0.6976425126194954,0.0012356152017808301,16,0.02238178625702858,0.002818537715974999,0.9637627501647265,0.018249929609708605,0.009521525353193283,0.0011915499871600307,0.02238178625702858,0.002818537715974999,0.5,cone_normal_only
-0.021667197346687317,0.0024997944726579944,0.47897038236260414,0.0004517609259389668,pill,noise_patch,0.044048963114619255,0.005135619349156973,0.4899711851030588,0.0014039569532924086,16,0.02238178625702858,0.002818537715974999,0.9694677028522511,0.015127903682218275,0.011000802740454674,0.001283224212822768,0.044048963114619255,0.005135619349156973,0.5,cone_contrastive
nan,nan,0.012966343609150499,0.0031869822261392103,pill,noise_patch,nan,nan,0.16632831702008843,0.052288639585736346,16,nan,nan,0.9795042811837151,0.008580572122245621,0.15336197341093794,0.05040288786321577,nan,nan,0.75,cosine
nan,nan,0.6881478242576122,0.00043105982554969904,pill,noise_patch,nan,nan,0.6991254724562168,0.0012458830488083065,16,0.025830212980508804,0.0024903980794990597,0.9808673207789317,0.00862968759201297,0.010977648198604584,0.0010470238812748992,0.025830212980508804,0.0024903980794990597,0.75,cone_normal_only
-0.023609884083271027,0.002643815988789463,0.47898644395172596,0.0004915009845514157,pill,noise_patch,0.04944010730832815,0.00501393482135775,0.49133423157036304,0.0015249639128351153,16,0.025830212980508804,0.0024903980794990597,0.9823969853758889,0.007776268490021258,0.012347787618637085,0.001253272810589273,0.04944010730832815,0.00501393482135775,0.75,cone_contrastive
nan,nan,0.012630245357286185,0.002966939525942557,pill,noise_patch,nan,nan,0.15724868793040514,0.04160465662200143,16,nan,nan,0.9807855557734653,0.008064116767534326,0.14461844257311895,0.040030663658029,nan,nan,1.0,cosine
nan,nan,0.6881392188370228,0.00041886601606214906,pill,noise_patch,nan,nan,0.6994165852665901,0.0010930401971060398,16,0.02653433009982109,0.002082619592453714,0.9857440483942732,0.0053362582234845884,0.011277366429567337,0.0008743512610754708,0.02653433009982109,0.002082619592453714,1.0,cone_normal_only
-0.023554891347885132,0.0022121226715676855,0.4789678417146206,0.00047887858098953027,pill,noise_patch,0.050089222961105406,0.0041984176473054925,0.49147762171924114,0.0013346994855284863,16,0.02653433009982109,0.002082619592453714,0.9858142866100876,0.005634760939436205,0.012509780004620552,0.0010495276357813,0.050089222961105406,0.0041984176473054925,1.0,cone_contrastive
nan,nan,0.011078437499236315,0.00248142327456272,pill,color_shift,nan,nan,0.014325050629850011,0.01897515613837804,16,nan,nan,0.6015304814604393,0.19760983122263046,0.003246613130613696,0.019276624887748672,nan,nan,0.0,cosine
nan,nan,0.6881989575922489,0.0002589721380477727,pill,color_shift,nan,nan,0.6891865395009518,0.0023994177666450743,16,0.002309132367372513,0.005630411870728134,0.5905574983980677,0.21949846014461435,0.0009875819087028503,0.002408392913864843,0.002309132367372513,0.005630411870728134,0.0,cone_normal_only
-0.0017376281321048737,0.004256863402465252,0.47901177778840065,0.00030340834636282245,pill,color_shift,0.0040467712096869946,0.009793532352134272,0.48002196848392487,0.0024375711530500678,16,0.002309132367372513,0.005630411870728134,0.58747311924134,0.21819326630126323,0.0010101906955242157,0.002444592368979226,0.0040467712096869946,0.009793532352134272,0.0,cone_contrastive
nan,nan,0.014172929979395121,0.003533857298587719,pill,color_shift,nan,nan,0.08431905711768195,0.05752555881412493,16,nan,nan,0.9149414993261188,0.057014989070519696,0.07014612713828683,0.056543801502509344,nan,nan,0.25,cosine
nan,nan,0.6886394955217838,0.00037794861044507206,pill,color_shift,nan,nan,0.6958237700164318,0.0021286600327262827,16,0.016863301396369934,0.004849403941084386,0.9297824538541329,0.0545018652933518,0.00718427449464798,0.00205114294398222,0.016863301396369934,0.004849403941084386,0.25,cone_normal_only
-0.016059745103120804,0.004681786902056497,0.4795293752104044,0.00044676412246123776,pill,color_shift,0.03292304277420044,0.009422821523992217,0.48775075748562813,0.0024587078377491427,16,0.016863301396369934,0.004849403941084386,0.9364446337996202,0.04931820337484181,0.008221382275223732,0.002354267245171532,0.03292304277420044,0.009422821523992217,0.25,cone_contrastive
nan,nan,0.0142311459640041,0.0037187698139239415,pill,color_shift,nan,nan,0.09408111439552158,0.06338065453228693,16,nan,nan,0.934501017928175,0.031760326351338256,0.07984996843151748,0.06213738569412388,nan,nan,0.5,cosine
nan,nan,0.6886675246059895,0.000383154546271834,pill,color_shift,nan,nan,0.696658544242382,0.001998158528940536,16,0.018768932670354843,0.004596923120194649,0.9474079401354235,0.03374048321483662,0.007991019636392593,0.0019403866223596724,0.018768932670354843,0.004596923120194649,0.5,cone_normal_only
-0.01760467141866684,0.004361868000003384,0.4795691557228565,0.0004482607187028177,pill,color_shift,0.0363736079307273,0.008791694225833058,0.48865259997546673,0.0022992937769740376,16,0.018768932670354843,0.004596923120194649,0.9537163093477263,0.026948520044374293,0.009083444252610207,0.0021968307682465466,0.0363736079307273,0.008791694225833058,0.5,cone_contrastive
nan,nan,0.014063741196878254,0.0035431242821224325,pill,color_shift,nan,nan,0.09162047621794045,0.06654022931236786,16,nan,nan,0.9361676914657963,0.02937810280079586,0.0775567350210622,0.06603659048816438,nan,nan,0.75,cosine
nan,nan,0.6886628679931164,0.00038185421309632985,pill,color_shift,nan,nan,0.6967653147876263,0.001956714026566015,16,0.019030466675758362,0.004574781991712756,0.9509373667580676,0.029646879320909616,0.008102446794509888,0.0019300157657932894,0.019030466675758362,0.004574781991712756,0.75,cone_normal_only
-0.017595894634723663,0.004382693456521316,0.47957104817032814,0.0004501638828428912,pill,color_shift,0.03662637376692146,0.00876857325608483,0.48871760815382004,0.0022448370837112133,16,0.019030466675758362,0.004574781991712756,0.9566531062051846,0.023929983527226993,0.009146559983491898,0.0021910589746556163,0.03662637376692146,0.00876857325608483,0.75,cone_contrastive
nan,nan,0.014027556637302041,0.0034040895103006645,pill,color_shift,nan,nan,0.08858255192171782,0.06804437744270515,16,nan,nan,0.9375542333601218,0.026126272780100948,0.07455499528441578,0.06778395117592434,nan,nan,1.0,cosine
nan,nan,0.688677005469799,0.00035862652158845013,pill,color_shift,nan,nan,0.6967909745872021,0.0019046340906985447,16,0.0190560482442379,0.004497368952914305,0.9532067800920663,0.026481851513975817,0.00811396911740303,0.0018966336099220302,0.0190560482442379,0.004497368952914305,1.0,cone_normal_only
-0.017559755593538284,0.00431683789725945,0.4795906823128462,0.0004260494086418719,pill,color_shift,0.03661581117194146,0.00861238424742278,0.48873455449938774,0.0021697562735624606,16,0.0190560482442379,0.004497368952914305,0.9583796359760848,0.020922621682615005,0.009143872186541557,0.002152021048826407,0.03661581117194146,0.00861238424742278,1.0,cone_contrastive
nan,nan,0.011078437499236315,0.00248142327456272,pill,cutout,nan,nan,0.014325050629850011,0.01897515613837804,16,nan,nan,0.6015304814604393,0.19760983122263046,0.003246613130613696,0.019276624887748672,nan,nan,0.0,cosine
nan,nan,0.6881989575922489,0.0002589721380477727,pill,cutout,nan,nan,0.6891865395009518,0.0023994177666450743,16,0.002309132367372513,0.005630411870728134,0.5905574983980677,0.21949846014461435,0.0009875819087028503,0.002408392913864843,0.002309132367372513,0.005630411870728134,0.0,cone_normal_only
-0.0017376281321048737,0.004256863402465252,0.47901177778840065,0.00030340834636282245,pill,cutout,0.0040467712096869946,0.009793532352134272,0.48002196848392487,0.0024375711530500678,16,0.002309132367372513,0.005630411870728134,0.58747311924134,0.21819326630126323,0.0010101906955242157,0.002444592368979226,0.0040467712096869946,0.009793532352134272,0.0,cone_contrastive
nan,nan,0.014058755070436746,0.0034306292724598647,pill,cutout,nan,nan,0.047822970955166966,0.03169135774391322,16,nan,nan,0.8872606509201693,0.047634262328553875,0.03376421588473022,0.030841751419597004,nan,nan,0.25,cosine
nan,nan,0.6886294595897198,0.0003774363022455296,pill,cutout,nan,nan,0.6947597786784172,0.0016767645010768008,16,0.014367576688528061,0.003908859136352772,0.9102117540905448,0.04564933226215604,0.0061303190886974335,0.0016546604644760586,0.014367576688528061,0.003908859136352772,0.25,cone_normal_only
-0.01269688829779625,0.0034174334332864047,0.4795433897525072,0.0004349637228420457,pill,cutout,0.027064428431913257,0.007237501919916184,0.48630090430378914,0.0018448398398495513,16,0.014367576688528061,0.003908859136352772,0.9162555349176672,0.04062187309542438,0.006757514551281929,0.0018081610338505024,0.027064428431913257,0.007237501919916184,0.25,cone_contrastive
nan,nan,0.013694206369109452,0.0032930338684024414,pill,cutout,nan,nan,0.0326046796690207,0.018580925335051054,16,nan,nan,0.8721506705519747,0.05567764791058487,0.018910473299911246,0.01801204201143015,nan,nan,0.5,cosine
nan,nan,0.688599806278944,0.0003627719289569185,pill,cutout,nan,nan,0.6942501477897167,0.0015738137359483043,16,0.013228841125965118,0.0036798669041790653,0.8999034450912077,0.04998703403576779,0.005650341510772705,0.001559847796287468,0.013228841125965118,0.0036798669041790653,0.5,cone_normal_only
-0.01136171817779541,0.0028828040496741594,0.47952255234122276,0.0004255720210265277,pill,cutout,0.02459054533392191,0.006448190763061126,0.4856618996709585,0.0016311220608303722,16,0.013228841125965118,0.0036798669041790653,0.9059851774331285,0.043328297752036074,0.006139347329735756,0.0016108287414663535,0.02459054533392191,0.006448190763061126,0.5,cone_contrastive
nan,nan,0.012863601092249155,0.003231924602510922,pill,cutout,nan,nan,0.03405143378768116,0.022738980053002317,16,nan,nan,0.8720134316838933,0.06089123175588943,0.021187832695432007,0.021806720962132143,nan,nan,0.75,cosine
nan,nan,0.6885268911719322,0.00035997327286890047,pill,cutout,nan,nan,0.6943482123315334,0.0020532301481272323,16,0.013631761074066162,0.004729102320551588,0.8993023900544752,0.060366027647063836,0.0058213211596012115,0.0020052402572435096,0.013631761074066162,0.004729102320551588,0.75,cone_normal_only
-0.011803708970546722,0.003581381409119293,0.47943633235991,0.0004210996364103658,pill,cutout,0.025435485178604722,0.008205666168894695,0.48578672856092453,0.002102139111294861,16,0.013631761074066162,0.004729102320551588,0.9055125748105353,0.05288207118851231,0.006350396201014519,0.002049833336250221,0.025435485178604722,0.008205666168894695,0.75,cone_contrastive
nan,nan,0.012915777741000056,0.0033123858534089786,pill,cutout,nan,nan,0.06532040901947767,0.04906282520993179,16,nan,nan,0.9265939271811652,0.029070299505624054,0.05240463127847761,0.047339959259970726,nan,nan,1.0,cosine
nan,nan,0.6885269656777382,0.00034837416238188494,pill,cutout,nan,nan,0.6958655305206776,0.0017674143972540753,16,0.017209574580192566,0.0041048123394643084,0.942997755048217,0.03283599240620711,0.007338564842939377,0.0017350164891418902,0.017209574580192566,0.0041048123394643084,1.0,cone_normal_only
-0.016717959195375443,0.0037150014338514486,0.4794182702898979,0.0004079720901010064,pill,cutout,0.03392754786182195,0.007450930362877751,0.487890113145113,0.0019141275192765242,16,0.017209574580192566,0.0041048123394643084,0.9518358101596148,0.024135112981514974,0.008471842855215073,0.0018618344542415787,0.03392754786182195,0.007450930362877751,1.0,cone_contrastive
nan,nan,0.011162843322381377,0.0024401252630501095,pill,scratch,nan,nan,0.01519917972109397,0.03262196278213328,16,nan,nan,0.574588878536212,0.25054123402234163,0.004036336398712592,0.032331064437416,nan,nan,0.0,cosine
nan,nan,0.6882240287959576,0.00026017785566460633,pill,scratch,nan,nan,0.6889184862375259,0.0035746599567520313,16,0.0016297809779644012,0.008241432761461696,0.5536338874886397,0.2894013908677502,0.0006944574415683746,0.0035199214563947615,0.0016297809779644012,0.008241432761461696,0.0,cone_normal_only
-0.0011999160051345825,0.006635745459670826,0.4790374580770731,0.0003039140041480742,pill,scratch,0.0028297007083892822,0.014765975966736398,0.47974405996501446,0.0037372240592817023,16,0.0016297809779644012,0.008241432761461696,0.55452010606284,0.2824821478063174,0.0007066018879413605,0.0036863486075386313,0.0028297007083892822,0.014765975966736398,0.0,cone_contrastive
nan,nan,0.012887995457276702,0.0031200515045342694,pill,scratch,nan,nan,0.21373313665390015,0.14315097371435948,16,nan,nan,0.9805914978702799,0.01840418231759452,0.20084514119662344,0.14188544410048776,nan,nan,0.25,cosine
nan,nan,0.6883147731423378,0.00032172382701950105,pill,scratch,nan,nan,0.6989871896803379,0.0026341370484775487,16,0.025135621428489685,0.005958615173604839,0.9829183063213864,0.011316295151241775,0.010672416538000107,0.002500889713630144,0.025135621428489685,0.005958615173604839,0.25,cone_normal_only
-0.02435440942645073,0.0057282839440140655,0.47915559634566307,0.0003653412381993786,pill,scratch,0.04949005861999467,0.011616469345061496,0.4915168061852455,0.00304050485790835,16,0.025135621428489685,0.005958615173604839,0.9864201409258777,0.00921587384420049,0.012361209839582443,0.002903377018571128,0.04949005861999467,0.011616469345061496,0.25,cone_contrastive
nan,nan,0.013184642710257322,0.003229078922969353,pill,scratch,nan,nan,0.2533370768651366,0.16926066272601922,16,nan,nan,0.987261979930699,0.008358302783848873,0.2401524341548793,0.1677673617727247,nan,nan,0.5,cosine
nan,nan,0.6883251518011093,0.000328814791599757,pill,scratch,nan,nan,0.6999548338353634,0.0027571183943438057,16,0.027407586574554443,0.006350933071894728,0.9875369982214359,0.006650554090699922,0.011629682034254074,0.0026603194003362966,0.027407586574554443,0.006350933071894728,0.5,cone_normal_only
-0.02687932178378105,0.006112315838450074,0.47918195091187954,0.0003738302569540075,pill,scratch,0.05428691164706834,0.012396441413111135,0.4927418529987335,0.0031855362570471436,16,0.027407586574554443,0.006350933071894728,0.9907149244870839,0.004984079321798324,0.013559902086853981,0.0030984232345533974,0.05428691164706834,0.012396441413111135,0.5,cone_contrastive
nan,nan,0.013156874338164926,0.003125803449327965,pill,scratch,nan,nan,0.23519666772335768,0.16073749887756653,16,nan,nan,0.9853420725722348,0.010180990786759282,0.22203979338519275,0.15949742357342434,nan,nan,0.75,cosine
nan,nan,0.6883355304598808,0.00032827253637330314,pill,scratch,nan,nan,0.6997421085834503,0.0026110746801921454,16,0.026872310787439346,0.006012542091330622,0.9870045031344046,0.007009548735392833,0.011406578123569489,0.0025186971563504264,0.026872310787439346,0.006012542091330622,0.75,cone_normal_only
-0.02633790671825409,0.00581469547774835,0.47920456528663635,0.0003780211985981279,pill,scratch,0.05321024994191248,0.011739430770803767,0.49249533005058765,0.003010277698074737,16,0.026872310787439346,0.006012542091330622,0.9902138350196421,0.00543525134136415,0.013290764763951302,0.002934236339078582,0.05321024994191248,0.011739430770803767,0.75,cone_contrastive
nan,nan,0.013067877327557653,0.003013127979113207,pill,scratch,nan,nan,0.19707815279252827,0.143208331185786,16,nan,nan,0.9793144890875778,0.017192619511132892,0.18401027546497062,0.142121388085466,nan,nan,1.0,cosine
nan,nan,0.6883558444678783,0.0003246211264269562,pill,scratch,nan,nan,0.6990270353853703,0.0026745172821227513,16,0.02512247860431671,0.006106018065411669,0.9830416153673961,0.012098276419519263,0.010671190917491913,0.002564013326445698,0.02512247860431671,0.006106018065411669,1.0,cone_normal_only
-0.02453373372554779,0.005678038962829686,0.47922863624989986,0.00038160847620994493,pill,scratch,0.04965622288000304,0.011700865145327997,0.49163118563592434,0.0030258113542418977,16,0.02512247860431671,0.006106018065411669,0.9870201678811894,0.008992858398998124,0.012402549386024475,0.0029244327125769725,0.04965622288000304,0.011700865145327997,1.0,cone_contrastive
nan,nan,0.004420294659212232,0.0007675194877787453,screw,noise_patch,nan,nan,0.010857175486307824,0.010732990483471667,16,nan,nan,0.6409907945804456,0.22154070484592686,0.006436880827095592,0.010719128364336037,nan,nan,0.0,cosine
nan,nan,0.6859967783093452,0.00025332243465207334,screw,noise_patch,nan,nan,0.6886219531297684,0.00422581196812538,16,0.0061423517763614655,0.009997834188110922,0.6245421318736801,0.23438829079868734,0.0026251748204231262,0.0042747843562621676,0.0061423517763614655,0.009997834188110922,0.0,cone_normal_only
-0.0040817223489284515,0.006553445497990195,0.4769906587898731,0.0002444047725946606,screw,noise_patch,0.010224081110209227,0.01654312908140109,0.47954285331070423,0.0040544807104822625,16,0.0061423517763614655,0.009997834188110922,0.6348855255021502,0.22509328790795122,0.002552194520831108,0.004129539265721241,0.010224081110209227,0.01654312908140109,0.0,cone_contrastive
nan,nan,0.005340628224075772,0.0009462437181638556,screw,noise_patch,nan,nan,0.026603833946865052,0.012131969124055847,16,nan,nan,0.9181519030957334,0.04745734735327162,0.02126320572278928,0.011917470100014007,nan,nan,0.25,cosine
nan,nan,0.6862619146704674,0.00035331085697154404,screw,noise_patch,nan,nan,0.6934196352958679,0.002083162663675413,16,0.016716621816158295,0.0049311223110297675,0.9010580032633944,0.04492104382137491,0.007157720625400543,0.0020975545703715006,0.016716621816158295,0.0049311223110297675,0.25,cone_normal_only
-0.014909472316503525,0.003074990392760576,0.477261520922184,0.0003625424635331258,screw,noise_patch,0.03162610367871821,0.007910458478785326,0.48515588976442814,0.0019383021087539909,16,0.016716621816158295,0.0049311223110297675,0.9173375995075697,0.04283322434451043,0.007894368842244148,0.0019755736402775337,0.03162610367871821,0.007910458478785326,0.25,cone_contrastive
nan,nan,0.006575186911504716,0.0013517244559626774,screw,noise_patch,nan,nan,0.07304732187185436,0.039417331885888966,16,nan,nan,0.9690088329777933,0.02253553013664014,0.06647213496034965,0.03860361357615018,nan,nan,0.5,cosine
nan,nan,0.6864919550716877,0.0003180581926081005,screw,noise_patch,nan,nan,0.6960983462631702,0.0017827138782143992,16,0.02249903231859207,0.004288107115580778,0.9456193882526368,0.03136525708384018,0.009606391191482544,0.0018174599157976964,0.02249903231859207,0.004288107115580778,0.5,cone_normal_only
-0.01999932900071144,0.004140140192450905,0.4775417950004339,0.0003204906825597822,screw,noise_patch,0.042498374124988914,0.008402680618749424,0.4881525468081236,0.002022931821173715,16,0.02249903231859207,0.004288107115580778,0.9582270759756757,0.028159736837931673,0.010610751807689667,0.0020990835437773845,0.042498374124988914,0.008402680618749424,0.5,cone_contrastive
nan,nan,0.007100726827047765,0.0012609297994591658,screw,noise_patch,nan,nan,0.07429654779843986,0.03423444048371276,16,nan,nan,0.973612534145943,0.0154953732879343,0.0671958209713921,0.033496212967564255,nan,nan,0.75,cosine
nan,nan,0.6865873634815216,0.00030968911841023413,screw,noise_patch,nan,nan,0.6965624950826168,0.0013955909683121778,16,0.023373041301965714,0.003209716623766504,0.9496330592318427,0.020921064876103682,0.0099751316010952,0.001358228494084766,0.023373041301965714,0.003209716623766504,0.75,cone_normal_only
-0.0197707861661911,0.0032807551521636326,0.4776577167212963,0.0002916023849542897,screw,noise_patch,0.04314383934251964,0.006455952984080284,0.48842980712652206,0.001614707758847646,16,0.023373041301965714,0.003209716623766504,0.9603091686621797,0.01929804421169843,0.010772090405225754,0.0016128835209776246,0.04314383934251964,0.006455952984080284,0.75,cone_contrastive
nan,nan,0.007169020449509844,0.0013325662443814245,screw,noise_patch,nan,nan,0.06585311493836343,0.017991040828376745,16,nan,nan,0.9718150349307968,0.010925254169604704,0.05868409448885359,0.017058741306157123,nan,nan,1.0,cosine
nan,nan,0.6866091936826706,0.0003081050920569319,screw,noise_patch,nan,nan,0.6965315118432045,0.0010054120276870768,16,0.023245826363563538,0.002230089087497024,0.9483086536526942,0.015080227238611495,0.009922318160533905,0.0009448254763880491,0.023245826363563538,0.002230089087497024,1.0,cone_normal_only
-0.019087422639131546,0.002219050676707076,0.4776690136641264,0.00029013616935791525,screw,noise_patch,0.04233326343819499,0.004406356456715532,0.48823850043118,0.0011309473666981512,16,0.023245826363563538,0.002230089087497024,0.9581445414673089,0.013944999443477874,0.010569486767053604,0.001100724557031186,0.04233326343819499,0.004406356456715532,1.0,cone_contrastive
nan,nan,0.004420294659212232,0.0007675194877787453,screw,color_shift,nan,nan,0.010857175486307824,0.010732990483471667,16,nan,nan,0.6409907945804456,0.22154070484592686,0.006436880827095592,0.010719128364336037,nan,nan,0.0,cosine
nan,nan,0.6859967783093452,0.00025332243465207334,screw,color_shift,nan,nan,0.6886219531297684,0.00422581196812538,16,0.0061423517763614655,0.009997834188110922,0.6245421318736801,0.23438829079868734,0.0026251748204231262,0.0042747843562621676,0.0061423517763614655,0.009997834188110922,0.0,cone_normal_only
-0.0040817223489284515,0.006553445497990195,0.4769906587898731,0.0002444047725946606,screw,color_shift,0.010224081110209227,0.01654312908140109,0.47954285331070423,0.0040544807104822625,16,0.0061423517763614655,0.009997834188110922,0.6348855255021502,0.22509328790795122,0.002552194520831108,0.004129539265721241,0.010224081110209227,0.01654312908140109,0.0,cone_contrastive
nan,nan,0.004971024492988363,0.0007924239106524652,screw,color_shift,nan,nan,0.024498950719134882,0.01471554595106208,16,nan,nan,0.9053981385994937,0.06796091485103259,0.01952792622614652,0.014589488296037095,nan,nan,0.25,cosine
nan,nan,0.6862355060875416,0.00029048904622374397,screw,color_shift,nan,nan,0.6933046653866768,0.0023129627743931234,16,0.016508515924215317,0.005425517263419339,0.8993301429502827,0.05155922917047515,0.007069159299135208,0.002307748664964747,0.016508515924215317,0.005425517263419339,0.25,cone_normal_only
-0.013876378536224365,0.0038725101776439946,0.47721382416784763,0.0002944125806282987,screw,color_shift,0.030384932411834598,0.009243105958651103,0.48479827865958214,0.0022739419157110728,16,0.016508515924215317,0.005425517263419339,0.9113814798049797,0.05243421771642288,0.007584454491734505,0.0023084513530080126,0.030384932411834598,0.009243105958651103,0.25,cone_contrastive
nan,nan,0.005359076021704823,0.0008375716155090315,screw,color_shift,nan,nan,0.02207248460035771,0.012882011113793918,16,nan,nan,0.8941319188327896,0.06213452028122967,0.01671340857865289,0.01284671280762173,nan,nan,0.5,cosine
nan,nan,0.6863960325717926,0.0002990908364996136,screw,color_shift,nan,nan,0.6933202967047691,0.002015020605562883,16,0.016169127076864243,0.004755671913018805,0.8933501231533605,0.046372733437010275,0.006924264132976532,0.0020223466749681725,0.016169127076864243,0.004755671913018805,0.5,cone_normal_only
-0.01261497288942337,0.003561083709812228,0.477450393140316,0.000310789215625383,screw,color_shift,0.028784085297957063,0.008235051402672848,0.4846351817250252,0.002025624043446605,16,0.016169127076864243,0.004755671913018805,0.9011272908475734,0.04843434358604394,0.0071847885847091675,0.0020567172606445754,0.028784085297957063,0.008235051402672848,0.5,cone_contrastive
nan,nan,0.0055670000438112766,0.0008771192775683173,screw,color_shift,nan,nan,0.021852255798876286,0.0125162433073966,16,nan,nan,0.8914894447248709,0.05654884842281534,0.01628525575506501,0.012406885829993807,nan,nan,0.75,cosine
nan,nan,0.6864688098430634,0.00031736173018834707,screw,color_shift,nan,nan,0.6933844424784184,0.0018282462995469091,16,0.01614883914589882,0.004281031349551877,0.8915970443915682,0.04237573603829046,0.006915632635354996,0.0018195857575154868,0.01614883914589882,0.004281031349551877,0.75,cone_normal_only
-0.012448392808437347,0.0031640204414594315,0.477562103420496,0.0003250985727864602,screw,color_shift,0.0285971958655864,0.007348983294413495,0.4847002513706684,0.0018279441481391554,16,0.01614883914589882,0.004281031349551877,0.898771654723039,0.04405132064223943,0.007138147950172424,0.0018355158246177725,0.0285971958655864,0.007348983294413495,0.75,cone_contrastive
nan,nan,0.005658771959133446,0.0008809159050742405,screw,color_shift,nan,nan,0.02244289530790411,0.012572093755737831,16,nan,nan,0.8921245672275115,0.058898648754222654,0.016784123348770663,0.012423365809425067,nan,nan,1.0,cosine
nan,nan,0.6864733397960663,0.0003302554343048226,screw,color_shift,nan,nan,0.6935140676796436,0.0018063296341828787,16,0.016441158950328827,0.004169635810746707,0.8933760107253247,0.04151935538634225,0.007040727883577347,0.0017724311004215457,0.016441158950328827,0.004169635810746707,1.0,cone_normal_only
-0.012733303010463715,0.0030787181976002086,0.4775821082293987,0.0003300920271858228,screw,color_shift,0.029174480587244034,0.007138742681694669,0.484864404425025,0.0017953231980482403,16,0.016441158950328827,0.004169635810746707,0.9007285831365288,0.043774141042461766,0.007282296195626259,0.0017830131345239906,0.029174480587244034,0.007138742681694669,1.0,cone_contrastive
nan,nan,0.004420294659212232,0.0007675194877787453,screw,cutout,nan,nan,0.010857175486307824,0.010732990483471667,16,nan,nan,0.6409907945804456,0.22154070484592686,0.006436880827095592,0.010719128364336037,nan,nan,0.0,cosine
nan,nan,0.6859967783093452,0.00025332243465207334,screw,cutout,nan,nan,0.6886219531297684,0.00422581196812538,16,0.0061423517763614655,0.009997834188110922,0.6245421318736801,0.23438829079868734,0.0026251748204231262,0.0042747843562621676,0.0061423517763614655,0.009997834188110922,0.0,cone_normal_only
-0.0040817223489284515,0.006553445497990195,0.4769906587898731,0.0002444047725946606,screw,cutout,0.010224081110209227,0.01654312908140109,0.47954285331070423,0.0040544807104822625,16,0.0061423517763614655,0.009997834188110922,0.6348855255021502,0.22509328790795122,0.002552194520831108,0.004129539265721241,0.010224081110209227,0.01654312908140109,0.0,cone_contrastive
nan,nan,0.005691451427992433,0.0011304970077297696,screw,cutout,nan,nan,0.021719784359447658,0.01223037604014935,16,nan,nan,0.8832326872879159,0.06129056508349122,0.016028332931455225,0.012023733557497309,nan,nan,0.25,cosine
nan,nan,0.6864916197955608,0.0003321859628134132,screw,cutout,nan,nan,0.6930927932262421,0.0019775084344021933,16,0.015413183718919754,0.0046829723550802374,0.8858313767625573,0.04520705591700746,0.006601173430681229,0.001992224138389871,0.015413183718919754,0.0046829723550802374,0.25,cone_normal_only
-0.011857867240905762,0.003537349890882001,0.4775523729622364,0.0003482274483860345,screw,cutout,0.027271080762147903,0.00817852786880612,0.48435941338539124,0.001998291187204385,16,0.015413183718919754,0.0046829723550802374,0.891518633992975,0.04861140760104936,0.006807040423154831,0.0020425182185005984,0.027271080762147903,0.00817852786880612,0.25,cone_contrastive
nan,nan,0.006059469800675288,0.0012148089991359768,screw,cutout,nan,nan,0.019860679341945797,0.012069731131247811,16,nan,nan,0.8687044980823879,0.062159473589358825,0.01380120954127051,0.01180888876292047,nan,nan,0.5,cosine
nan,nan,0.6866100952029228,0.0003388586266766397,screw,cutout,nan,nan,0.6930086649954319,0.0017256751710141513,16,0.01493443176150322,0.004042493020855391,0.8789860070824996,0.03949170903143159,0.006398569792509079,0.0017195596103749037,0.01493443176150322,0.004042493020855391,0.5,cone_normal_only
-0.01102617010474205,0.003404021239050618,0.47771401703357697,0.0003330984791974087,screw,cutout,0.025960578816011548,0.007400788651444007,0.4841937590390444,0.0018458503740746317,16,0.01493443176150322,0.004042493020855391,0.8817843363644922,0.045343800405110796,0.006479742005467415,0.001848318582150313,0.025960578816011548,0.007400788651444007,0.5,cone_contrastive
nan,nan,0.006226934812730178,0.0012293545188191571,screw,cutout,nan,nan,0.01963730697752908,0.009252192251702613,16,nan,nan,0.8730428947904838,0.049913161949493634,0.0134103721647989,0.00896273867569549,nan,nan,0.75,cosine
nan,nan,0.6866054087877274,0.00032834704024520343,screw,cutout,nan,nan,0.6931256167590618,0.001358163816625894,16,0.0152147077023983,0.002948113314232243,0.879525238220999,0.03253264438232388,0.006520207971334457,0.0012529308452472459,0.0152147077023983,0.002948113314232243,0.75,cone_normal_only
-0.011633355170488358,0.0026991014874615128,0.47770421020686626,0.000313447216583451,screw,cutout,0.026848079869523644,0.0055670023883573425,0.48440544307231903,0.001484192813128123,16,0.0152147077023983,0.002948113314232243,0.8839705295186293,0.03906823980395601,0.006701232865452766,0.0013904719735772656,0.026848079869523644,0.0055670023883573425,0.75,cone_contrastive
nan,nan,0.006128012028057128,0.0014773643551389609,screw,cutout,nan,nan,0.02569418726488948,0.01735062442825126,16,nan,nan,0.8929933877440588,0.05132761667523405,0.01956617523683235,0.01673785418907298,nan,nan,1.0,cosine
nan,nan,0.6865238957107067,0.00034390139094016866,screw,cutout,nan,nan,0.6937311254441738,0.0015399502141032995,16,0.016826249659061432,0.0033100747522604554,0.8961927700479533,0.03637936023449841,0.007207229733467102,0.0014031198424748672,0.016826249659061432,0.0033100747522604554,1.0,cone_normal_only
-0.013792641460895538,0.003411504235000651,0.4775964170694351,0.00033896517527124277,screw,cutout,0.030618869233876467,0.0066057249361679655,0.4852393176406622,0.0017844168981718692,16,0.016826249659061432,0.0033100747522604554,0.9048510004866146,0.04209545264685234,0.007642900571227074,0.0016502439963029614,0.030618869233876467,0.0066057249361679655,1.0,cone_contrastive
nan,nan,0.004577272047754377,0.0008066732814701986,screw,scratch,nan,nan,0.012723069765343098,0.015645437485185775,16,nan,nan,0.6689614598837486,0.2593591395687707,0.00814579771758872,0.015411354856859275,nan,nan,0.0,cosine
nan,nan,0.6860612668097019,0.000250560740857578,screw,scratch,nan,nan,0.6890309639275074,0.00554390414673191,16,0.006952505558729172,0.012749483953515108,0.6494815055718741,0.2781517528863288,0.002969697117805481,0.005446876999524576,0.006952505558729172,0.012749483953515108,0.0,cone_normal_only
-0.004666171967983246,0.008152111736106344,0.47705335915088654,0.00023069113458488267,screw,scratch,0.011618654010817409,0.02087820801011092,0.479953745380044,0.005267059787840852,16,0.006952505558729172,0.012749483953515108,0.6647723627741127,0.26235148455061374,0.002900386229157448,0.005212001985666496,0.011618654010817409,0.02087820801011092,0.0,cone_contrastive
nan,nan,0.005359602699172683,0.0011738151803619595,screw,scratch,nan,nan,0.10025408130604774,0.0964256983559916,16,nan,nan,0.9808771140384592,0.031726477422886104,0.09489447860687505,0.09573904807910388,nan,nan,0.25,cosine
nan,nan,0.6862235814332962,0.00035578357314676375,screw,scratch,nan,nan,0.6964836567640305,0.002708361972273557,16,0.024041257798671722,0.006205642038240957,0.9595850243993602,0.04010130562711251,0.010260075330734253,0.0026233054991350907,0.024041257798671722,0.006205642038240957,0.25,cone_normal_only
-0.023077744990587234,0.005988363751895799,0.477244408801198,0.0003428980549421224,screw,scratch,0.04711893433704972,0.011984552892945392,0.4890096988528967,0.0030675894842137697,16,0.024041257798671722,0.006205642038240957,0.9763283581747091,0.033503479429483736,0.011765290051698685,0.0029945969032141107,0.04711893433704972,0.011984552892945392,0.25,cone_contrastive
nan,nan,0.005537419958272949,0.0013267587084068123,screw,scratch,nan,nan,0.09756940486840904,0.0857069809440031,16,nan,nan,0.9836627239425475,0.018766965509232958,0.09203198491013609,0.08487390976805591,nan,nan,0.5,cosine
nan,nan,0.68626918643713,0.0003617114834882816,screw,scratch,nan,nan,0.6966251023113728,0.002342453717089969,16,0.024265021085739136,0.0054411051592005944,0.9606992590294385,0.03437086091813646,0.010355915874242783,0.002299673652138272,0.024265021085739136,0.0054411051592005944,0.5,cone_normal_only
-0.023152019828557968,0.005448318553195643,0.4773306008428335,0.00034661690718814904,screw,scratch,0.04741703486070037,0.01069259517825775,0.4891703948378563,0.0027115318105920814,16,0.024265021085739136,0.0054411051592005944,0.9779446661933587,0.02586568259411988,0.011839793995022774,0.0026718129641074536,0.04741703486070037,0.01069259517825775,0.5,cone_contrastive
nan,nan,0.005399480054620653,0.0011266404562421048,screw,scratch,nan,nan,0.08286426879931241,0.049006543566374274,16,nan,nan,0.9833484698736035,0.020177689336966093,0.07746478874469176,0.048607777955607695,nan,nan,0.75,cosine
nan,nan,0.6862772963941097,0.00035080152844891313,screw,scratch,nan,nan,0.6964172720909119,0.001960291153706654,16,0.023750975728034973,0.0046202886543170755,0.9608933806426214,0.034088139127979304,0.01013997569680214,0.00195601926874486,0.023750975728034973,0.0046202886543170755,0.75,cone_normal_only
-0.022520139813423157,0.0042300849728458,0.47735223546624184,0.00033876078212509203,screw,scratch,0.046271157334558666,0.008634764465521397,0.48890565522015095,0.0021436383827465205,16,0.023750975728034973,0.0046202886543170755,0.9782209445929793,0.025191525294621233,0.011553419753909111,0.0021573303240539484,0.046271157334558666,0.008634764465521397,0.75,cone_contrastive
nan,nan,0.005268161141430028,0.0010571831969512625,screw,scratch,nan,nan,0.07834061933681369,0.039921103074553536,16,nan,nan,0.984110138678232,0.02319771415470194,0.07307245819538366,0.03966341636544595,nan,nan,1.0,cosine
nan,nan,0.686256967484951,0.0003276855157996533,screw,scratch,nan,nan,0.6962307915091515,0.0017834196758079919,16,0.02335793897509575,0.004270893970231038,0.9604572123368156,0.03243487646714295,0.00997382402420044,0.0018096425678928796,0.02335793897509575,0.004270893970231038,1.0,cone_normal_only
-0.02219562977552414,0.0038626794007884466,0.4773370698094368,0.000313880676399806,screw,scratch,0.04555357457138598,0.007926385615048645,0.48871121369302273,0.00191227376923395,16,0.02335793897509575,0.004270893970231038,0.9787426712465979,0.02564340414307122,0.01137414388358593,0.00198021465576669,0.04555357457138598,0.007926385615048645,1.0,cone_contrastive
nan,nan,0.009598777978681028,0.0019238604599204048,toothbrush,noise_patch,nan,nan,0.009924298501573503,0.012377412912847678,16,nan,nan,0.4784155394220998,0.22326773133399339,0.00032552052289247513,0.01222358505942871,nan,nan,0.0,cosine
nan,nan,0.6885805875062943,0.0002490040415818119,toothbrush,noise_patch,nan,nan,0.6884001791477203,0.0030657988983118214,16,-0.00041860342025756836,0.007311406558892922,0.4672710313961582,0.2210164824051419,-0.00018040835857391357,0.003127976368790592,-0.00041860342025756836,0.007311406558892922,0.0,cone_normal_only
0.00032982975244522095,0.005359425602574919,0.4796060901135206,0.0002824498775208975,toothbrush,noise_patch,-0.0007483847439289093,0.012651864359205473,0.47941938787698746,0.003082696326160403,16,-0.00041860342025756836,0.007311406558892922,0.47105950161064725,0.22009008764576216,-0.00018670223653316498,0.0031582392676111942,-0.0007483847439289093,0.012651864359205473,0.0,cone_contrastive
nan,nan,0.012374075595289469,0.0024277673203515105,toothbrush,noise_patch,nan,nan,0.05071655858773738,0.024575695164101977,16,nan,nan,0.8740194477048246,0.07939943601137381,0.03834248299244791,0.02389453038177269,nan,nan,0.25,cosine
nan,nan,0.6890881694853306,0.00038511278910806563,toothbrush,noise_patch,nan,nan,0.6944752894341946,0.001521708146009528,16,0.012615926563739777,0.003162969959017591,0.8467693822337575,0.07459107811746006,0.005387119948863983,0.0013417013411323854,0.012615926563739777,0.003162969959017591,0.25,cone_normal_only
-0.012596063315868378,0.003430792107098697,0.48017220571637154,0.00043583971281547574,toothbrush,noise_patch,0.025211995001882315,0.00643859186007128,0.4864672366529703,0.001845878598462408,16,0.012615926563739777,0.003162969959017591,0.8714042946183321,0.07506080143344204,0.006295030936598778,0.001608514300182106,0.025211995001882315,0.00643859186007128,0.25,cone_contrastive
nan,nan,0.014630369027145207,0.0032038063486349026,toothbrush,noise_patch,nan,nan,0.21318497648462653,0.16188838736174985,16,nan,nan,0.9755197340217757,0.02218060518640928,0.19855460745748132,0.16104953710954073,nan,nan,0.5,cosine
nan,nan,0.6890961155295372,0.00039170930000371226,toothbrush,noise_patch,nan,nan,0.6991648562252522,0.002795113091084074,16,0.023710589855909348,0.006935977037302621,0.9713636265089374,0.029549518580264836,0.01006874069571495,0.002911083827228287,0.023710589855909348,0.006935977037302621,0.5,cone_normal_only
-0.023178644478321075,0.006947616432603222,0.4801958967000246,0.0004317135756064026,toothbrush,noise_patch,0.04688925377558917,0.013807123315834315,0.4919075667858124,0.0033501410964769888,16,0.023710589855909348,0.006935977037302621,0.9769034200778437,0.025429146977699598,0.011711670085787773,0.0034507590965572295,0.04688925377558917,0.013807123315834315,0.5,cone_contrastive
nan,nan,0.015388504951260984,0.0036551272946037066,toothbrush,noise_patch,nan,nan,0.19938291748985648,0.0971262222269524,16,nan,nan,0.982430014195759,0.013265642113625449,0.1839944125385955,0.09605275248452022,nan,nan,0.75,cosine
nan,nan,0.6890300884842873,0.000520021761732637,toothbrush,noise_patch,nan,nan,0.6998670734465122,0.001868252536368244,16,0.025516580790281296,0.004948543755004157,0.9848451779988441,0.016836075464953137,0.01083698496222496,0.0020844481968221302,0.025516580790281296,0.004948543755004157,0.75,cone_normal_only
-0.02328866347670555,0.0052142704785653835,0.480121860280633,0.000577419803673069,toothbrush,noise_patch,0.04880522901657969,0.010117503759846392,0.49231190606951714,0.0023275929073833224,16,0.025516580790281296,0.004948543755004157,0.9852432905882724,0.01498055730160289,0.012190045788884163,0.00252831216359362,0.04880522901657969,0.010117503759846392,0.75,cone_contrastive
nan,nan,0.015315456665121019,0.00346530164368524,toothbrush,noise_patch,nan,nan,0.17019352409988642,0.06488914506449436,16,nan,nan,0.9816595345039948,0.011460788086364432,0.1548780674347654,0.06377582824525861,nan,nan,1.0,cosine
nan,nan,0.6890201903879642,0.0005430963357919931,toothbrush,noise_patch,nan,nan,0.6997181959450245,0.001487872725102354,16,0.02517898753285408,0.003927734426308047,0.9866900896507407,0.013467796796362006,0.010698005557060242,0.0016569992638964988,0.02517898753285408,0.003927734426308047,1.0,cone_normal_only
-0.02222180739045143,0.00408731345978391,0.48010464385151863,0.000603361789103684,toothbrush,noise_patch,0.04740081401541829,0.007981319883635422,0.49194350466132164,0.0018354475651776638,16,0.02517898753285408,0.003927734426308047,0.9862724666695399,0.012126639670145616,0.011838860809803009,0.0019943516698673336,0.04740081401541829,0.007981319883635422,1.0,cone_contrastive
nan,nan,0.009598777978681028,0.0019238604599204048,toothbrush,color_shift,nan,nan,0.009924298501573503,0.012377412912847678,16,nan,nan,0.4784155394220998,0.22326773133399339,0.00032552052289247513,0.01222358505942871,nan,nan,0.0,cosine
nan,nan,0.6885805875062943,0.0002490040415818119,toothbrush,color_shift,nan,nan,0.6884001791477203,0.0030657988983118214,16,-0.00041860342025756836,0.007311406558892922,0.4672710313961582,0.2210164824051419,-0.00018040835857391357,0.003127976368790592,-0.00041860342025756836,0.007311406558892922,0.0,cone_normal_only
0.00032982975244522095,0.005359425602574919,0.4796060901135206,0.0002824498775208975,toothbrush,color_shift,-0.0007483847439289093,0.012651864359205473,0.47941938787698746,0.003082696326160403,16,-0.00041860342025756836,0.007311406558892922,0.47105950161064725,0.22009008764576216,-0.00018670223653316498,0.0031582392676111942,-0.0007483847439289093,0.012651864359205473,0.0,cone_contrastive
nan,nan,0.013397985836490989,0.002327927935231555,toothbrush,color_shift,nan,nan,0.09974608826451004,0.11183195657912587,16,nan,nan,0.9028761949032647,0.07133757968837945,0.08634810242801905,0.11120097681832859,nan,nan,0.25,cosine
nan,nan,0.689080011099577,0.0004499036607907901,toothbrush,color_shift,nan,nan,0.6959492452442646,0.0028114587720918607,16,0.016127627342939377,0.006972735040174349,0.8779417399261582,0.08102304871858647,0.006869234144687653,0.0029417852647127935,0.016127627342939377,0.006972735040174349,0.25,cone_normal_only
-0.01593843102455139,0.006536995075902433,0.48017618060112,0.0004982155607792493,toothbrush,color_shift,0.0320660462602973,0.013480774613350519,0.4881838206201792,0.0032474735854204117,16,0.016127627342939377,0.006972735040174349,0.9003808818762302,0.06885379474220207,0.008007640019059181,0.0033685713022820266,0.0320660462602973,0.013480774613350519,0.25,cone_contrastive
nan,nan,0.013640463817864656,0.0023773685162896516,toothbrush,color_shift,nan,nan,0.12523322529159486,0.10462814780262465,16,nan,nan,0.9345438650711198,0.0491411526349915,0.1115927614737302,0.10431176765621188,nan,nan,0.5,cosine
nan,nan,0.6890687830746174,0.0004736135918231391,toothbrush,color_shift,nan,nan,0.6969876773655415,0.0024932895998830418,16,0.018607623875141144,0.006138981427066618,0.9187030072142794,0.05550125939813538,0.007918894290924072,0.0025884738992109834,0.018607623875141144,0.006138981427066618,0.5,cone_normal_only
-0.018139764666557312,0.006254704137259301,0.4801851101219654,0.0005144357188566248,toothbrush,color_shift,0.03674743068404496,0.01233540588212996,0.4893624223768711,0.0030189659550016595,16,0.018607623875141144,0.006138981427066618,0.933829121676603,0.04778490205273499,0.0091773122549057,0.003082496534775111,0.03674743068404496,0.01233540588212996,0.5,cone_contrastive
nan,nan,0.013576288125477731,0.0025052181561005618,toothbrush,color_shift,nan,nan,0.126989780459553,0.10291534728593893,16,nan,nan,0.9296352215212467,0.05924722305163062,0.11341349233407527,0.10250336666635294,nan,nan,0.75,cosine
nan,nan,0.6890495270490646,0.00047627873593430786,toothbrush,color_shift,nan,nan,0.6971802078187466,0.0025589562270543964,16,0.019106891006231308,0.00625274000822653,0.9235336353704826,0.058587726635988636,0.00813068076968193,0.0026372236178635647,0.019106891006231308,0.00625274000822653,0.75,cone_normal_only
-0.01815010979771614,0.006814394198410703,0.48018475621938705,0.0005169146013239718,toothbrush,color_shift,0.03725696017500013,0.013005034151043458,0.4894893802702427,0.0032019408392687278,16,0.019106891006231308,0.00625274000822653,0.9337136451789444,0.05515646480989889,0.009304624050855637,0.0032497488342530132,0.03725696017500013,0.013005034151043458,0.75,cone_contrastive
nan,nan,0.013502184534445405,0.002562810398181636,toothbrush,color_shift,nan,nan,0.12154543801443651,0.1007945500443692,16,nan,nan,0.9180678292461746,0.07744525781317405,0.10804325347999111,0.1002244902446495,nan,nan,1.0,cosine
nan,nan,0.6890385895967484,0.00048742433773736187,toothbrush,color_shift,nan,nan,0.6971137151122093,0.002662573328993128,16,0.018972724676132202,0.006584445696350735,0.9194391250950235,0.07072273923213247,0.008075125515460968,0.0027794204277506052,0.018972724676132202,0.006584445696350735,1.0,cone_normal_only
-0.017766736447811127,0.007296798692601609,0.48019029200077057,0.000530245802972983,toothbrush,color_shift,0.036739427829161286,0.013821529808667675,0.4893655851483345,0.003360747753329747,16,0.018972724676132202,0.006584445696350735,0.9265765837839344,0.07072358944743445,0.009175293147563934,0.0034536382198519272,0.036739427829161286,0.013821529808667675,1.0,cone_contrastive
nan,nan,0.009598777978681028,0.0019238604599204048,toothbrush,cutout,nan,nan,0.009924298501573503,0.012377412912847678,16,nan,nan,0.4784155394220998,0.22326773133399339,0.00032552052289247513,0.01222358505942871,nan,nan,0.0,cosine
nan,nan,0.6885805875062943,0.0002490040415818119,toothbrush,cutout,nan,nan,0.6884001791477203,0.0030657988983118214,16,-0.00041860342025756836,0.007311406558892922,0.4672710313961582,0.2210164824051419,-0.00018040835857391357,0.003127976368790592,-0.00041860342025756836,0.007311406558892922,0.0,cone_normal_only
0.00032982975244522095,0.005359425602574919,0.4796060901135206,0.0002824498775208975,toothbrush,cutout,-0.0007483847439289093,0.012651864359205473,0.47941938787698746,0.003082696326160403,16,-0.00041860342025756836,0.007311406558892922,0.47105950161064725,0.22009008764576216,-0.00018670223653316498,0.0031582392676111942,-0.0007483847439289093,0.012651864359205473,0.0,cone_contrastive
nan,nan,0.013239483028883114,0.0027600041855871103,toothbrush,cutout,nan,nan,0.11984674260020256,0.08274152394281406,16,nan,nan,0.9138751741374351,0.10045776328590145,0.10660725957131945,0.08149952299700675,nan,nan,0.25,cosine
nan,nan,0.6890574805438519,0.0004312393496728776,toothbrush,cutout,nan,nan,0.6967482231557369,0.002675184444821722,16,0.018074966967105865,0.006245991426771657,0.9041466746625944,0.09025936968759864,0.007690742611885071,0.002638098968581344,0.018074966967105865,0.006245991426771657,0.25,cone_normal_only
-0.016764335334300995,0.006228066280405707,0.48017366230487823,0.00048568979890244813,toothbrush,cutout,0.034839305793866515,0.012452886824004732,0.4888744819909334,0.0031557723790417995,16,0.018074966967105865,0.006245991426771657,0.913694402028765,0.09037119865266256,0.008700819686055183,0.003111535314908283,0.034839305793866515,0.012452886824004732,0.25,cone_contrastive
nan,nan,0.01316396682523191,0.0025565073617032376,toothbrush,cutout,nan,nan,0.086601501039695,0.061808977171644484,16,nan,nan,0.880044461499969,0.1416632454654785,0.07343753421446308,0.061261057609544894,nan,nan,0.5,cosine
nan,nan,0.6890750788152218,0.0004612128481764083,toothbrush,cutout,nan,nan,0.6961165480315685,0.0027734666907361337,16,0.016530074179172516,0.006823753162181803,0.8833481283927134,0.12430474670717072,0.007041469216346741,0.0028900647214836084,0.016530074179172516,0.006823753162181803,0.5,cone_normal_only
-0.014954652637243271,0.006733243109885324,0.4802265651524067,0.0005163963383472648,toothbrush,cutout,0.031484731705859303,0.013527768643991772,0.48808906227350235,0.0032563888400714623,16,0.016530074179172516,0.006823753162181803,0.8918433040749387,0.12665037467223483,0.007862497121095657,0.003379561443915791,0.031484731705859303,0.013527768643991772,0.5,cone_contrastive
nan,nan,0.013156008732039481,0.0026765615476170073,toothbrush,cutout,nan,nan,0.06398150105087552,0.04434077651517543,16,nan,nan,0.8526934803039862,0.14896742832020138,0.05082549231883604,0.04384644776878827,nan,nan,0.75,cosine
nan,nan,0.689054049551487,0.0005579823490397144,toothbrush,cutout,nan,nan,0.6953105330467224,0.002660926713880746,16,0.014671150594949722,0.00656363373763287,0.8586809192071521,0.13093587532058837,0.006256483495235443,0.0027842825131900507,0.014671150594949722,0.00656363373763287,0.75,cone_normal_only
-0.013373900204896927,0.006133688108837287,0.48022642731666565,0.0006207994535805833,toothbrush,cutout,0.028045020764693618,0.012657189625809908,0.4872294068336487,0.00303284633357019,16,0.014671150594949722,0.00656363373763287,0.8708312961215695,0.13037826562608767,0.007002979516983032,0.0031618473339157,0.028045020764693618,0.012657189625809908,0.75,cone_contrastive
nan,nan,0.01328906713752076,0.002592490809570882,toothbrush,cutout,nan,nan,0.08184086429537274,0.04877324285274465,16,nan,nan,0.9074676499244441,0.10442611989455873,0.06855179715785198,0.048133916585567274,nan,nan,1.0,cosine
nan,nan,0.6890649385750294,0.0005272388727106378,toothbrush,cutout,nan,nan,0.6964738331735134,0.0025727086826245337,16,0.017386071383953094,0.006421031584987248,0.9068395074808909,0.10994649394446206,0.007408894598484039,0.0027213074986139354,0.017386071383953094,0.006421031584987248,1.0,cone_normal_only
-0.016975633800029755,0.005655447247803592,0.48022473603487015,0.0005975021903928144,toothbrush,cutout,0.03436173091176897,0.012035422813805765,0.48880568891763687,0.002851034209148515,16,0.017386071383953094,0.006421031584987248,0.9235586588423614,0.0969848764934245,0.008580952882766724,0.0030067799073412865,0.03436173091176897,0.012035422813805765,1.0,cone_contrastive
nan,nan,0.009600347664672881,0.0019415538393970097,toothbrush,scratch,nan,nan,0.011285624696029117,0.025074483388795504,16,nan,nan,0.40290882961262775,0.3110114083764644,0.001685277031356236,0.02473913187133651,nan,nan,0.0,cosine
nan,nan,0.6885763667523861,0.000239326309917004,toothbrush,scratch,nan,nan,0.6877046562731266,0.0037782715575565427,16,-0.0020308904349803925,0.00884978095591553,0.38697574533203133,0.3096191905203795,-0.000871710479259491,0.003785852478377657,-0.0020308904349803925,0.00884978095591553,0.0,cone_normal_only
0.0013095736503601074,0.006916099110640396,0.47960169427096844,0.0002696831557254684,toothbrush,scratch,-0.003340489463880658,0.0157526895124427,0.4787680506706238,0.0039151601547718325,16,-0.0020308904349803925,0.00884978095591553,0.40174280676215046,0.30567557864751516,-0.0008336436003446579,0.00393228235935155,-0.003340489463880658,0.0157526895124427,0.0,cone_contrastive
nan,nan,0.011927467945497483,0.0020194617385368998,toothbrush,scratch,nan,nan,0.31161592819262296,0.20630280921926286,16,nan,nan,0.9646045761172023,0.08939338617393608,0.2996884602471255,0.2054472487572798,nan,nan,0.25,cosine
nan,nan,0.6888576336205006,0.00028435106691917405,toothbrush,scratch,nan,nan,0.699844416230917,0.0043462088107539334,16,0.025936223566532135,0.010333754072487244,0.9526956689886423,0.10265021019881866,0.010986782610416412,0.004349190782829811,0.025936223566532135,0.010333754072487244,0.25,cone_normal_only
-0.025551561266183853,0.009652338742690718,0.47995152696967125,0.00032305486404500403,toothbrush,scratch,0.051487793927663006,0.019964996863323144,0.4928134549409151,0.004972882278464264,16,0.025936223566532135,0.010333754072487244,0.9597209874823558,0.0980827717703523,0.012861927971243858,0.0049890351497074385,0.051487793927663006,0.019964996863323144,0.25,cone_contrastive
nan,nan,0.012408709590090439,0.0020860606377284623,toothbrush,scratch,nan,nan,0.37366505985846743,0.20625258214001127,16,nan,nan,0.9777772927929896,0.07136778216080723,0.361256350268377,0.20581255336395768,nan,nan,0.5,cosine
nan,nan,0.6888890787959099,0.0003490764085526558,toothbrush,scratch,nan,nan,0.7012701481580734,0.004039256205188231,16,0.029245499521493912,0.009762062526769841,0.9709534301743388,0.09013193363883473,0.012381069362163544,0.0041085374358567385,0.029245499521493912,0.009762062526769841,0.5,cone_normal_only
-0.028743833303451538,0.008882039436933152,0.4800260551273823,0.00039185941766704655,toothbrush,scratch,0.057989317836472765,0.018612655686944247,0.49451272934675217,0.004576573262031117,16,0.029245499521493912,0.009762062526769841,0.9748373232152016,0.08558773644770142,0.014486674219369888,0.004651172278549161,0.057989317836472765,0.018612655686944247,0.5,cone_contrastive
nan,nan,0.012370268785161898,0.0021563868202734756,toothbrush,scratch,nan,nan,0.3380559264915064,0.18747546970526274,16,nan,nan,0.9877633964881669,0.02989136151913381,0.3256856577063445,0.18717223555883422,nan,nan,0.75,cosine
nan,nan,0.6888923794031143,0.0003882916800659009,toothbrush,scratch,nan,nan,0.7009279280900955,0.003649292013817453,16,0.028413813561201096,0.008895568241551001,0.9722096794427255,0.07736067430152335,0.012035548686981201,0.0037441124871433486,0.028413813561201096,0.008895568241551001,0.75,cone_normal_only
-0.02766166254878044,0.007826391791615215,0.4800510760396719,0.000437056064411761,toothbrush,scratch,0.056075495813274756,0.016687817909639694,0.4940593596547842,0.004067708728885776,16,0.028413813561201096,0.008895568241551001,0.9786439863962426,0.06689359994472373,0.014008283615112305,0.004170159066023532,0.056075495813274756,0.016687817909639694,0.75,cone_contrastive
nan,nan,0.012230510910740122,0.0019885329456177936,toothbrush,scratch,nan,nan,0.31283712084405124,0.16300381250924978,16,nan,nan,0.9902258495910571,0.019246714269889647,0.3006066099333111,0.1627822973898843,nan,nan,1.0,cosine
nan,nan,0.6888795606791973,0.000382152882694846,toothbrush,scratch,nan,nan,0.7005750760436058,0.0033401269898367687,16,0.027599740773439407,0.008215536687278235,0.9723282829200125,0.0715648833162889,0.011695515364408493,0.0034610043379311216,0.027599740773439407,0.008215536687278235,1.0,cone_normal_only
-0.026841863989830017,0.0070952484437653545,0.4800484571605921,0.00043536670991744934,toothbrush,scratch,0.054441602842416614,0.015278200479539122,0.493648424744606,0.0036777550525083544,16,0.027599740773439407,0.008215536687278235,0.9796120485389199,0.05846145393212436,0.013599967584013939,0.0038177603052429697,0.054441602842416614,0.015278200479539122,1.0,cone_contrastive
nan,nan,0.012889684381661937,0.0033534486009932857,transistor,noise_patch,nan,nan,0.014028554724063724,0.009342857874107767,16,nan,nan,0.5674959262683422,0.17764866527373904,0.0011388703424017876,0.010415598788981168,nan,nan,0.0,cosine
nan,nan,0.6892669536173344,0.0004579570259779536,transistor,noise_patch,nan,nan,0.689957108348608,0.0015649138886331911,16,0.0016097910702228546,0.003955193520447791,0.5799757181513245,0.16884789933883465,0.0006901547312736511,0.0016914237064840796,0.0016097910702228546,0.003955193520447791,0.0,cone_normal_only
-0.0013901814818382263,0.003998206684513163,0.48083070293068886,0.0005131777902594604,transistor,noise_patch,0.0029999581165611744,0.00793570407570208,0.4815795477479696,0.0018532676987931284,16,0.0016097910702228546,0.003955193520447791,0.5764342000796359,0.17552720327698088,0.0007488448172807693,0.0019812237196103295,0.0029999581165611744,0.00793570407570208,0.0,cone_contrastive
nan,nan,0.016461956489365548,0.004020739408849993,transistor,noise_patch,nan,nan,0.07613235019380227,0.03028120274697121,16,nan,nan,0.9070473530751684,0.042663998501041224,0.05967039370443672,0.029191543536081076,nan,nan,0.25,cosine
nan,nan,0.689768373966217,0.0005075799688006011,transistor,noise_patch,nan,nan,0.6949816681444645,0.0012281706300985584,16,0.012238293886184692,0.002828811647264158,0.907739073272972,0.045453535342837255,0.005213294178247452,0.0011981698706451723,0.012238293886184692,0.002828811647264158,0.25,cone_normal_only
-0.012468535453081131,0.0027486958630741527,0.48137792758643627,0.0005774470507018024,transistor,noise_patch,0.02470687823370099,0.005553930816973052,0.48754819855093956,0.001472164831583227,16,0.012238293886184692,0.002828811647264158,0.9145474764939536,0.044732418278195255,0.006170270964503288,0.001387647945162078,0.02470687823370099,0.005553930816973052,0.25,cone_contrastive
nan,nan,0.01649462291970849,0.004815784106172446,transistor,noise_patch,nan,nan,0.19918762240558863,0.0749378828263274,16,nan,nan,0.9795231999686353,0.010523300766264393,0.18269299948588014,0.07188079378659272,nan,nan,0.5,cosine
nan,nan,0.6895388551056385,0.000573009247789158,transistor,noise_patch,nan,nan,0.6988254711031914,0.001574211265025091,16,0.021884232759475708,0.0034242517688015746,0.9783587533542253,0.015179817573907158,0.009286615997552872,0.0014423337606571222,0.021884232759475708,0.0034242517688015746,0.5,cone_normal_only
-0.020397990942001343,0.0032252447153204977,0.4811183661222458,0.0006394212086319822,transistor,noise_patch,0.04228223522659391,0.006620964049697859,0.4916802477091551,0.001851643164111836,16,0.021884232759475708,0.0034242517688015746,0.97891203480027,0.014968818375932502,0.010561881586909294,0.0016547164037696268,0.04228223522659391,0.006620964049697859,0.5,cone_contrastive
nan,nan,0.014849002182018012,0.004178308665518585,transistor,noise_patch,nan,nan,0.2162203909829259,0.06870033772627299,16,nan,nan,0.9875765999466379,0.00783233922365467,0.20137138880090788,0.06717289774524954,nan,nan,0.75,cosine
nan,nan,0.6893038786947727,0.0005395053063039143,transistor,noise_patch,nan,nan,0.6999471858143806,0.001220870219731894,16,0.025092415511608124,0.002762186112611065,0.9896951108418575,0.007523876882951495,0.010643307119607925,0.0011624426189163963,0.025092415511608124,0.002762186112611065,0.75,cone_normal_only
-0.022095855325460434,0.0025176377992313184,0.48084159567952156,0.0005972943368943745,transistor,noise_patch,0.04718833230435848,0.005247678383310266,0.4926291014999151,0.0014070983064700861,16,0.025092415511608124,0.002762186112611065,0.9889561113820649,0.008023030660867507,0.011787505820393562,0.0013115255805138711,0.04718833230435848,0.005247678383310266,0.75,cone_contrastive
nan,nan,0.013349463697522879,0.0034746859871625257,transistor,noise_patch,nan,nan,0.18091415148228407,0.04399456364250216,16,nan,nan,0.9878910463845167,0.008404806158337424,0.1675646877847612,0.04365880758583907,nan,nan,1.0,cosine
nan,nan,0.6891512908041477,0.00047301548275858996,transistor,noise_patch,nan,nan,0.6998284012079239,0.0008302369185056592,16,0.02515903115272522,0.0020408028007569325,0.9919004946977941,0.005871768362708753,0.010677110403776169,0.0008603004918510614,0.02515903115272522,0.0020408028007569325,1.0,cone_normal_only
-0.021138880401849747,0.0019650722980173625,0.48065185360610485,0.0005230614345544575,transistor,noise_patch,0.04629783146083355,0.0039871308496035335,0.49221644178032875,0.0009652860859323273,16,0.02515903115272522,0.0020408028007569325,0.9904171080967797,0.0068520488894555165,0.0115645881742239,0.0009963613002660825,0.04629783146083355,0.0039871308496035335,1.0,cone_contrastive
nan,nan,0.012889684381661937,0.0033534486009932857,transistor,color_shift,nan,nan,0.014028554724063724,0.009342857874107767,16,nan,nan,0.5674959262683422,0.17764866527373904,0.0011388703424017876,0.010415598788981168,nan,nan,0.0,cosine
nan,nan,0.6892669536173344,0.0004579570259779536,transistor,color_shift,nan,nan,0.689957108348608,0.0015649138886331911,16,0.0016097910702228546,0.003955193520447791,0.5799757181513245,0.16884789933883465,0.0006901547312736511,0.0016914237064840796,0.0016097910702228546,0.003955193520447791,0.0,cone_normal_only
-0.0013901814818382263,0.003998206684513163,0.48083070293068886,0.0005131777902594604,transistor,color_shift,0.0029999581165611744,0.00793570407570208,0.4815795477479696,0.0018532676987931284,16,0.0016097910702228546,0.003955193520447791,0.5764342000796359,0.17552720327698088,0.0007488448172807693,0.0019812237196103295,0.0029999581165611744,0.00793570407570208,0.0,cone_contrastive
nan,nan,0.014685939153423533,0.0036991855965892127,transistor,color_shift,nan,nan,0.12260282423812896,0.07770560957920691,16,nan,nan,0.9584494940141932,0.038057690196898496,0.10791688508470543,0.07578160965750737,nan,nan,0.25,cosine
nan,nan,0.6894347816705704,0.0005724234687400513,transistor,color_shift,nan,nan,0.6969043835997581,0.001766774593938115,16,0.017566349357366562,0.0038455215605958295,0.9637572180511018,0.03381211481335943,0.007469601929187775,0.001620480494787252,0.017566349357366562,0.0038455215605958295,0.25,cone_normal_only
-0.016592983156442642,0.0037549992233766745,0.4810306765139103,0.0006387668820491186,transistor,color_shift,0.03415935311932117,0.007575190736471625,0.48956250958144665,0.0020962938023513173,16,0.017566349357366562,0.0038455215605958295,0.964277586962879,0.035317779951702925,0.008531833067536354,0.001893137843568571,0.03415935311932117,0.007575190736471625,0.25,cone_contrastive
nan,nan,0.014310100581496954,0.0038601313375771873,transistor,color_shift,nan,nan,0.11091352929361165,0.0748789327648805,16,nan,nan,0.9510985820509166,0.041699022660948104,0.09660342871211469,0.07304753527071439,nan,nan,0.5,cosine
nan,nan,0.6893885731697083,0.0005874663331265993,transistor,color_shift,nan,nan,0.6967336088418961,0.0018930943003291425,16,0.017267636954784393,0.004019504247880197,0.9638188581011254,0.032045506035562096,0.007345035672187805,0.0016928893197143823,0.017267636954784393,0.004019504247880197,0.5,cone_normal_only
-0.015918556600809097,0.004066438108569048,0.48100828006863594,0.0006499799145379196,transistor,color_shift,0.0331861813319847,0.008059509399183984,0.48929684795439243,0.0022575457359619803,16,0.017267636954784393,0.004019504247880197,0.962576799440779,0.035926282290414495,0.008288567885756493,0.0020141998421073343,0.0331861813319847,0.008059509399183984,0.5,cone_contrastive
nan,nan,0.014191563823260367,0.00394496824381284,transistor,color_shift,nan,nan,0.10625370463822037,0.07399183652054916,16,nan,nan,0.9513558630611492,0.038477526406804644,0.09206214081496,0.07219912936996044,nan,nan,0.75,cosine
nan,nan,0.68938247859478,0.0005852828070780292,transistor,color_shift,nan,nan,0.6967602334916592,0.0019832952121281106,16,0.01734171435236931,0.0042052266547082445,0.9657000940095594,0.028505022278399204,0.007377754896879196,0.0017720537148137624,0.01734171435236931,0.0042052266547082445,0.75,cone_normal_only
-0.01587614044547081,0.004324775704495186,0.48101551830768585,0.0006469990872975452,transistor,color_shift,0.033217861549928784,0.008497526097789084,0.4893119540065527,0.0023610885066709182,16,0.01734171435236931,0.0042052266547082445,0.9641085866259526,0.032340181355511775,0.008296435698866844,0.0021236001491550843,0.033217861549928784,0.008497526097789084,0.75,cone_contrastive
nan,nan,0.0141155218007043,0.0040863022934714026,transistor,color_shift,nan,nan,0.10213158885017037,0.07278596330704447,16,nan,nan,0.9515109017922256,0.037846776219294914,0.08801606704946607,0.07099058778977677,nan,nan,1.0,cosine
nan,nan,0.6893636733293533,0.0005909276544076301,transistor,color_shift,nan,nan,0.6967240013182163,0.0020563050904372007,16,0.01729818433523178,0.004367347092913579,0.9666334372513781,0.027346461553238846,0.007360327988862991,0.0018411597343100344,0.01729818433523178,0.004367347092913579,1.0,cone_normal_only
-0.015789877623319626,0.004515089484922756,0.48100683093070984,0.0006536518407439654,transistor,color_shift,0.0330880539258942,0.008851025559135273,0.48927078396081924,0.0024417369221650023,16,0.01729818433523178,0.004367347092913579,0.9649823299004925,0.03109679200442304,0.008263953030109406,0.0022118989941807992,0.0330880539258942,0.008851025559135273,1.0,cone_contrastive
nan,nan,0.012889684381661937,0.0033534486009932857,transistor,cutout,nan,nan,0.014028554724063724,0.009342857874107767,16,nan,nan,0.5674959262683422,0.17764866527373904,0.0011388703424017876,0.010415598788981168,nan,nan,0.0,cosine
nan,nan,0.6892669536173344,0.0004579570259779536,transistor,cutout,nan,nan,0.689957108348608,0.0015649138886331911,16,0.0016097910702228546,0.003955193520447791,0.5799757181513245,0.16884789933883465,0.0006901547312736511,0.0016914237064840796,0.0016097910702228546,0.003955193520447791,0.0,cone_normal_only
-0.0013901814818382263,0.003998206684513163,0.48083070293068886,0.0005131777902594604,transistor,cutout,0.0029999581165611744,0.00793570407570208,0.4815795477479696,0.0018532676987931284,16,0.0016097910702228546,0.003955193520447791,0.5764342000796359,0.17552720327698088,0.0007488448172807693,0.0019812237196103295,0.0029999581165611744,0.00793570407570208,0.0,cone_contrastive
nan,nan,0.013543931680032983,0.003576785955731764,transistor,cutout,nan,nan,0.08100866875611246,0.04924674947688376,16,nan,nan,0.909295928879645,0.09353380962534444,0.06746473707607947,0.04901329401979643,nan,nan,0.25,cosine
nan,nan,0.6893332786858082,0.0005671506286084919,transistor,cutout,nan,nan,0.6954248175024986,0.002226864962047647,16,0.014311153441667557,0.005381813229781728,0.9115466036980946,0.10264136628775135,0.006091538816690445,0.002284271236132014,0.014311153441667557,0.005381813229781728,0.25,cone_normal_only
-0.013046115636825562,0.005011801260469942,0.48095053248107433,0.0006301023430828343,transistor,cutout,0.02735728328116238,0.010377398898307098,0.48778299428522587,0.0025443462900972386,16,0.014311153441667557,0.005381813229781728,0.9095891545758006,0.10758353574540125,0.006832461804151535,0.002592226080700168,0.02735728328116238,0.010377398898307098,0.25,cone_contrastive
nan,nan,0.013303041050676256,0.0036612271267636347,transistor,cutout,nan,nan,0.07422450452577323,0.03926796806385533,16,nan,nan,0.9241199593685059,0.0680162357918188,0.06092146347509697,0.03895094404370218,nan,nan,0.5,cosine
nan,nan,0.6893338225781918,0.0005953347994237089,transistor,cutout,nan,nan,0.6954551413655281,0.0016136086335235495,16,0.014376532286405563,0.003757679722890036,0.9301623313430161,0.06325043209491184,0.0061213187873363495,0.0015922069831262194,0.014376532286405563,0.003757679722890036,0.5,cone_normal_only
-0.012987125664949417,0.0034549014714760156,0.48096550069749355,0.000674841691904469,transistor,cutout,0.027363638393580914,0.0071733417270718434,0.48779937997460365,0.0018308510165976814,16,0.014376532286405563,0.003757679722890036,0.9291765079322913,0.06538003219057013,0.0068338792771101,0.001792144510946832,0.027363638393580914,0.0071733417270718434,0.5,cone_contrastive
nan,nan,0.013144247728632763,0.003695753597754263,transistor,cutout,nan,nan,0.06885956751648337,0.03658307682713223,16,nan,nan,0.9303593867022765,0.059685160612273386,0.0557153197878506,0.03582941501107747,nan,nan,0.75,cosine
nan,nan,0.6892849393188953,0.0006174397195929022,transistor,cutout,nan,nan,0.6955385506153107,0.0014481314172155402,16,0.014681417495012283,0.0031979606660628664,0.939863428113572,0.049835386161794906,0.006253611296415329,0.0013536995285015135,0.014681417495012283,0.0031979606660628664,0.75,cone_normal_only
-0.01311757043004036,0.002977997842621006,0.48090101405978203,0.0007087216204464628,transistor,cutout,0.02779898256994784,0.006113595572518463,0.48784345760941505,0.0016573734243277097,16,0.014681417495012283,0.0031979606660628664,0.9385620221390443,0.05263836865428423,0.006942443549633026,0.0015275445357704179,0.02779898256994784,0.006113595572518463,0.75,cone_contrastive
nan,nan,0.013399743533227593,0.0037772822301061046,transistor,cutout,nan,nan,0.08505172980949283,0.05722608750443846,16,nan,nan,0.9404514547611358,0.03841256302185743,0.07165198627626523,0.05548364111501771,nan,nan,1.0,cosine
nan,nan,0.6892565861344337,0.0005934562591375813,transistor,cutout,nan,nan,0.6959464512765408,0.001256376015427288,16,0.015712447464466095,0.002613866997008491,0.9437116375682194,0.03602487423143493,0.00668986514210701,0.0011030959640252662,0.015712447464466095,0.002613866997008491,1.0,cone_normal_only
-0.014308188110589981,0.002776372843599977,0.48083589039742947,0.0006675483084445027,transistor,cutout,0.030020602513104677,0.005188191258073123,0.48833346366882324,0.001535171092649021,16,0.015712447464466095,0.002613866997008491,0.9412006513313762,0.03475817524499114,0.007497573271393776,0.0012967018654641135,0.030020602513104677,0.005188191258073123,1.0,cone_contrastive
nan,nan,0.012924317008582875,0.0032414029071876093,transistor,scratch,nan,nan,0.008203879478969611,0.005847358085574794,16,nan,nan,0.538641401995682,0.19011726556665576,-0.004720437529613264,0.006170540903173548,nan,nan,0.0,cosine
nan,nan,0.689284186810255,0.0004422193301314947,transistor,scratch,nan,nan,0.6896818540990353,0.0017910079346747261,16,0.0009171999990940094,0.0039879576444574166,0.5713553037863812,0.196974256613669,0.0003976672887802124,0.001707443044051189,0.0009171999990940094,0.0039879576444574166,0.0,cone_normal_only
-0.0005327537655830383,0.0038073923621676723,0.4808494262397289,0.0004964459699395286,transistor,scratch,0.0014499251265078783,0.007706622875767886,0.4812109675258398,0.0020207151201638634,16,0.0009171999990940094,0.0039879576444574166,0.5629019010683063,0.19889222684327487,0.000361541286110878,0.0019238555950533325,0.0014499251265078783,0.007706622875767886,0.0,cone_contrastive
nan,nan,0.014935010520275682,0.003923869201563233,transistor,scratch,nan,nan,0.2020130855962634,0.13470754005407284,16,nan,nan,0.963996643050293,0.06619248634260262,0.18707807507598773,0.1333697237881402,nan,nan,0.25,cosine
nan,nan,0.6895057111978531,0.00046263899948924503,transistor,scratch,nan,nan,0.6983242817223072,0.0028437077021298985,16,0.02078835293650627,0.0068685076725139675,0.9686755014664872,0.055637980152422654,0.008818570524454117,0.002895884381554786,0.02078835293650627,0.0068685076725139675,0.25,cone_normal_only
-0.019513532519340515,0.006466495162671308,0.48110452480614185,0.0005150439781662473,transistor,scratch,0.04030185239389539,0.013304735546550086,0.4911720007658005,0.003275893455830979,16,0.02078835293650627,0.0068685076725139675,0.9696751600493516,0.055188174862365755,0.010067475959658623,0.0033246964219212434,0.04030185239389539,0.013304735546550086,0.25,cone_contrastive
nan,nan,0.014918967790436,0.004000420786337232,transistor,scratch,nan,nan,0.20134240482002497,0.1476749978475419,16,nan,nan,0.9674299851408998,0.05614975088472607,0.18642343702958897,0.14636899616332982,nan,nan,0.5,cosine
nan,nan,0.6895156167447567,0.0004967916158329813,transistor,scratch,nan,nan,0.6984967179596424,0.0028632695777434927,16,0.02117081731557846,0.006833144114257664,0.9732578261440867,0.046496542232169286,0.008981101214885712,0.0028766265485102613,0.02117081731557846,0.006833144114257664,0.5,cone_normal_only
-0.019615277647972107,0.006416405701093594,0.48112472146749496,0.0005488405710616779,transistor,scratch,0.04078611376462504,0.013210206276438414,0.491313099861145,0.003298673792098283,16,0.02117081731557846,0.006833144114257664,0.9737710246487684,0.04629592838322605,0.010188378393650055,0.0033012945687977825,0.04078611376462504,0.013210206276438414,0.5,cone_contrastive
nan,nan,0.015050438174512237,0.004085619201548756,transistor,scratch,nan,nan,0.1978153761010617,0.13949949704187664,16,nan,nan,0.9818376610574673,0.020748980644391273,0.18276493792654946,0.13798054628803993,nan,nan,0.75,cosine
nan,nan,0.68954848498106,0.0005081919985373866,transistor,scratch,nan,nan,0.6986906416714191,0.002459009897806132,16,0.02154839038848877,0.005670166199940902,0.9861872779742512,0.013682107613493134,0.009142156690359116,0.0023821951920863053,0.02154839038848877,0.005670166199940902,0.75,cone_normal_only
-0.01982617750763893,0.005304253719502105,0.48117088340222836,0.0005610204069595858,transistor,scratch,0.04137455188902095,0.010918689700436789,0.49150623567402363,0.0028158192443622056,16,0.02154839038848877,0.005670166199940902,0.9865630526528888,0.013801859137614284,0.010335352271795273,0.002728913938701349,0.04137455188902095,0.010918689700436789,0.75,cone_contrastive
nan,nan,0.015241060289554298,0.004177882326194222,transistor,scratch,nan,nan,0.2037569375243038,0.13620854325223108,16,nan,nan,0.9843820901866656,0.013944436164632843,0.1885158772347495,0.13445139583617052,nan,nan,1.0,cosine
nan,nan,0.689563475549221,0.000491150054347644,transistor,scratch,nan,nan,0.6989214681088924,0.002345604149719431,16,0.022059079259634018,0.005263619189699693,0.9890270433562712,0.009597325956422608,0.009357992559671402,0.0022098011765820684,0.022059079259634018,0.005263619189699693,1.0,cone_normal_only
-0.020346343517303467,0.004989216234918797,0.48119746148586273,0.0005543484831449793,transistor,scratch,0.042405399843119085,0.010182176547934546,0.4917904157191515,0.00269806724078992,16,0.022059079259634018,0.005263619189699693,0.9895111340123768,0.009406048441454283,0.010592954233288765,0.0025448952020158556,0.042405399843119085,0.010182176547934546,1.0,cone_contrastive
